index	prediction
0	entailment
1	entailment
2	entailment
3	entailment
4	entailment
5	entailment
6	not_entailment
7	not_entailment
8	not_entailment
9	not_entailment
10	entailment
11	entailment
12	not_entailment
13	entailment
14	entailment
15	not_entailment
16	not_entailment
17	entailment
18	entailment
19	entailment
20	entailment
21	entailment
22	entailment
23	entailment
24	not_entailment
25	entailment
26	entailment
27	entailment
28	entailment
29	entailment
30	not_entailment
31	entailment
32	entailment
33	not_entailment
34	entailment
35	entailment
36	not_entailment
37	entailment
38	not_entailment
39	entailment
40	entailment
41	not_entailment
42	entailment
43	entailment
44	entailment
45	entailment
46	entailment
47	entailment
48	not_entailment
49	entailment
50	entailment
51	entailment
52	not_entailment
53	not_entailment
54	not_entailment
55	not_entailment
56	entailment
57	entailment
58	entailment
59	entailment
60	entailment
61	entailment
62	entailment
63	entailment
64	entailment
65	not_entailment
66	entailment
67	not_entailment
68	entailment
69	entailment
70	entailment
71	entailment
72	entailment
73	entailment
74	entailment
75	not_entailment
76	not_entailment
77	not_entailment
78	entailment
79	not_entailment
80	not_entailment
81	not_entailment
82	entailment
83	entailment
84	entailment
85	not_entailment
86	entailment
87	not_entailment
88	not_entailment
89	not_entailment
90	entailment
91	entailment
92	not_entailment
93	entailment
94	entailment
95	not_entailment
96	not_entailment
97	entailment
98	not_entailment
99	entailment
100	entailment
101	entailment
102	entailment
103	not_entailment
104	entailment
105	entailment
106	entailment
107	not_entailment
108	entailment
109	entailment
110	entailment
111	not_entailment
112	entailment
113	entailment
114	entailment
115	not_entailment
116	entailment
117	not_entailment
118	not_entailment
119	not_entailment
120	not_entailment
121	entailment
122	not_entailment
123	not_entailment
124	entailment
125	entailment
126	entailment
127	entailment
128	entailment
129	entailment
130	not_entailment
131	entailment
132	not_entailment
133	not_entailment
134	entailment
135	not_entailment
136	not_entailment
137	entailment
138	entailment
139	not_entailment
140	entailment
141	not_entailment
142	entailment
143	entailment
144	entailment
145	entailment
146	not_entailment
147	entailment
148	not_entailment
149	entailment
150	entailment
151	entailment
152	entailment
153	entailment
154	entailment
155	entailment
156	entailment
157	entailment
158	not_entailment
159	entailment
160	entailment
161	not_entailment
162	entailment
163	entailment
164	entailment
165	entailment
166	entailment
167	entailment
168	entailment
169	entailment
170	not_entailment
171	not_entailment
172	not_entailment
173	entailment
174	entailment
175	not_entailment
176	entailment
177	entailment
178	not_entailment
179	entailment
180	not_entailment
181	not_entailment
182	not_entailment
183	entailment
184	entailment
185	entailment
186	entailment
187	entailment
188	not_entailment
189	not_entailment
190	entailment
191	entailment
192	entailment
193	not_entailment
194	entailment
195	not_entailment
196	entailment
197	entailment
198	entailment
199	entailment
200	entailment
201	not_entailment
202	not_entailment
203	entailment
204	entailment
205	entailment
206	not_entailment
207	entailment
208	entailment
209	not_entailment
210	not_entailment
211	not_entailment
212	entailment
213	not_entailment
214	not_entailment
215	entailment
216	not_entailment
217	not_entailment
218	not_entailment
219	not_entailment
220	entailment
221	entailment
222	entailment
223	not_entailment
224	not_entailment
225	entailment
226	entailment
227	entailment
228	not_entailment
229	not_entailment
230	entailment
231	not_entailment
232	not_entailment
233	entailment
234	not_entailment
235	not_entailment
236	entailment
237	not_entailment
238	not_entailment
239	entailment
240	entailment
241	entailment
242	entailment
243	entailment
244	not_entailment
245	not_entailment
246	entailment
247	entailment
248	not_entailment
249	not_entailment
250	not_entailment
251	not_entailment
252	not_entailment
253	not_entailment
254	entailment
255	entailment
256	entailment
257	entailment
258	entailment
259	entailment
260	not_entailment
261	not_entailment
262	entailment
263	not_entailment
264	entailment
265	entailment
266	not_entailment
267	not_entailment
268	entailment
269	not_entailment
270	entailment
271	not_entailment
272	not_entailment
273	entailment
274	entailment
275	not_entailment
276	not_entailment
277	entailment
278	not_entailment
279	entailment
280	not_entailment
281	entailment
282	entailment
283	entailment
284	entailment
285	not_entailment
286	entailment
287	not_entailment
288	entailment
289	entailment
290	entailment
291	not_entailment
292	not_entailment
293	entailment
294	entailment
295	not_entailment
296	entailment
297	not_entailment
298	entailment
299	entailment
300	not_entailment
301	not_entailment
302	not_entailment
303	entailment
304	entailment
305	not_entailment
306	entailment
307	not_entailment
308	entailment
309	not_entailment
310	not_entailment
311	not_entailment
312	not_entailment
313	not_entailment
314	entailment
315	not_entailment
316	entailment
317	entailment
318	entailment
319	entailment
320	entailment
321	not_entailment
322	not_entailment
323	not_entailment
324	entailment
325	not_entailment
326	not_entailment
327	entailment
328	not_entailment
329	entailment
330	not_entailment
331	not_entailment
332	not_entailment
333	not_entailment
334	not_entailment
335	entailment
336	entailment
337	not_entailment
338	entailment
339	entailment
340	entailment
341	entailment
342	entailment
343	not_entailment
344	not_entailment
345	entailment
346	entailment
347	entailment
348	not_entailment
349	not_entailment
350	not_entailment
351	entailment
352	not_entailment
353	not_entailment
354	entailment
355	not_entailment
356	not_entailment
357	not_entailment
358	entailment
359	entailment
360	entailment
361	entailment
362	not_entailment
363	not_entailment
364	not_entailment
365	entailment
366	not_entailment
367	entailment
368	entailment
369	entailment
370	entailment
371	entailment
372	not_entailment
373	entailment
374	not_entailment
375	entailment
376	not_entailment
377	entailment
378	entailment
379	not_entailment
380	entailment
381	not_entailment
382	entailment
383	entailment
384	not_entailment
385	entailment
386	entailment
387	not_entailment
388	entailment
389	not_entailment
390	not_entailment
391	not_entailment
392	entailment
393	entailment
394	entailment
395	entailment
396	entailment
397	not_entailment
398	not_entailment
399	not_entailment
400	not_entailment
401	not_entailment
402	entailment
403	not_entailment
404	not_entailment
405	not_entailment
406	entailment
407	entailment
408	not_entailment
409	entailment
410	entailment
411	entailment
412	entailment
413	entailment
414	entailment
415	entailment
416	not_entailment
417	not_entailment
418	not_entailment
419	entailment
420	entailment
421	entailment
422	not_entailment
423	entailment
424	entailment
425	entailment
426	entailment
427	not_entailment
428	entailment
429	entailment
430	entailment
431	not_entailment
432	not_entailment
433	entailment
434	not_entailment
435	entailment
436	not_entailment
437	entailment
438	not_entailment
439	not_entailment
440	entailment
441	entailment
442	entailment
443	not_entailment
444	not_entailment
445	entailment
446	entailment
447	entailment
448	entailment
449	entailment
450	entailment
451	entailment
452	entailment
453	entailment
454	entailment
455	entailment
456	entailment
457	entailment
458	entailment
459	entailment
460	entailment
461	entailment
462	entailment
463	entailment
464	entailment
465	entailment
466	entailment
467	entailment
468	entailment
469	entailment
470	entailment
471	entailment
472	entailment
473	not_entailment
474	entailment
475	not_entailment
476	not_entailment
477	entailment
478	not_entailment
479	entailment
480	entailment
481	entailment
482	entailment
483	entailment
484	entailment
485	entailment
486	entailment
487	not_entailment
488	entailment
489	entailment
490	entailment
491	entailment
492	not_entailment
493	entailment
494	entailment
495	entailment
496	not_entailment
497	entailment
498	entailment
499	not_entailment
500	entailment
501	not_entailment
502	entailment
503	entailment
504	not_entailment
505	entailment
506	entailment
507	not_entailment
508	entailment
509	not_entailment
510	not_entailment
511	entailment
512	entailment
513	entailment
514	entailment
515	entailment
516	not_entailment
517	entailment
518	entailment
519	entailment
520	entailment
521	entailment
522	entailment
523	entailment
524	entailment
525	entailment
526	entailment
527	not_entailment
528	entailment
529	not_entailment
530	entailment
531	entailment
532	entailment
533	entailment
534	entailment
535	entailment
536	not_entailment
537	entailment
538	entailment
539	entailment
540	entailment
541	entailment
542	entailment
543	not_entailment
544	not_entailment
545	not_entailment
546	entailment
547	entailment
548	entailment
549	entailment
550	not_entailment
551	entailment
552	entailment
553	not_entailment
554	entailment
555	not_entailment
556	entailment
557	entailment
558	entailment
559	entailment
560	entailment
561	entailment
562	not_entailment
563	entailment
564	not_entailment
565	entailment
566	entailment
567	entailment
568	not_entailment
569	entailment
570	not_entailment
571	entailment
572	entailment
573	entailment
574	entailment
575	not_entailment
576	entailment
577	entailment
578	entailment
579	entailment
580	not_entailment
581	not_entailment
582	entailment
583	entailment
584	entailment
585	entailment
586	entailment
587	not_entailment
588	entailment
589	entailment
590	entailment
591	entailment
592	not_entailment
593	entailment
594	entailment
595	not_entailment
596	entailment
597	entailment
598	entailment
599	entailment
600	entailment
601	entailment
602	not_entailment
603	entailment
604	entailment
605	entailment
606	entailment
607	not_entailment
608	entailment
609	entailment
610	entailment
611	not_entailment
612	entailment
613	not_entailment
614	not_entailment
615	not_entailment
616	not_entailment
617	entailment
618	not_entailment
619	not_entailment
620	not_entailment
621	entailment
622	entailment
623	not_entailment
624	entailment
625	entailment
626	not_entailment
627	entailment
628	not_entailment
629	entailment
630	entailment
631	entailment
632	not_entailment
633	not_entailment
634	not_entailment
635	entailment
636	entailment
637	not_entailment
638	not_entailment
639	entailment
640	entailment
641	entailment
642	entailment
643	not_entailment
644	entailment
645	not_entailment
646	entailment
647	entailment
648	entailment
649	not_entailment
650	not_entailment
651	entailment
652	entailment
653	not_entailment
654	entailment
655	not_entailment
656	entailment
657	entailment
658	not_entailment
659	not_entailment
660	not_entailment
661	not_entailment
662	entailment
663	entailment
664	not_entailment
665	not_entailment
666	entailment
667	entailment
668	entailment
669	entailment
670	not_entailment
671	entailment
672	not_entailment
673	not_entailment
674	not_entailment
675	entailment
676	entailment
677	entailment
678	entailment
679	entailment
680	entailment
681	entailment
682	entailment
683	not_entailment
684	not_entailment
685	entailment
686	entailment
687	entailment
688	not_entailment
689	entailment
690	entailment
691	not_entailment
692	entailment
693	entailment
694	entailment
695	not_entailment
696	not_entailment
697	entailment
698	entailment
699	not_entailment
700	entailment
701	not_entailment
702	entailment
703	not_entailment
704	not_entailment
705	not_entailment
706	entailment
707	entailment
708	entailment
709	entailment
710	entailment
711	entailment
712	entailment
713	entailment
714	not_entailment
715	not_entailment
716	entailment
717	entailment
718	not_entailment
719	not_entailment
720	entailment
721	not_entailment
722	not_entailment
723	entailment
724	entailment
725	not_entailment
726	entailment
727	entailment
728	entailment
729	entailment
730	entailment
731	entailment
732	not_entailment
733	entailment
734	entailment
735	entailment
736	not_entailment
737	not_entailment
738	entailment
739	entailment
740	not_entailment
741	entailment
742	not_entailment
743	entailment
744	entailment
745	entailment
746	entailment
747	not_entailment
748	not_entailment
749	entailment
750	entailment
751	entailment
752	entailment
753	not_entailment
754	not_entailment
755	entailment
756	entailment
757	not_entailment
758	entailment
759	entailment
760	entailment
761	entailment
762	entailment
763	entailment
764	not_entailment
765	not_entailment
766	entailment
767	not_entailment
768	entailment
769	not_entailment
770	entailment
771	not_entailment
772	not_entailment
773	not_entailment
774	entailment
775	entailment
776	entailment
777	entailment
778	entailment
779	not_entailment
780	entailment
781	entailment
782	entailment
783	entailment
784	entailment
785	entailment
786	entailment
787	entailment
788	entailment
789	entailment
790	not_entailment
791	entailment
792	entailment
793	entailment
794	entailment
795	entailment
796	entailment
797	not_entailment
798	not_entailment
799	not_entailment
800	entailment
801	entailment
802	entailment
803	entailment
804	not_entailment
805	entailment
806	not_entailment
807	not_entailment
808	entailment
809	not_entailment
810	not_entailment
811	entailment
812	entailment
813	entailment
814	entailment
815	entailment
816	entailment
817	not_entailment
818	entailment
819	entailment
820	entailment
821	entailment
822	entailment
823	entailment
824	entailment
825	entailment
826	entailment
827	entailment
828	entailment
829	entailment
830	entailment
831	entailment
832	entailment
833	entailment
834	entailment
835	entailment
836	entailment
837	not_entailment
838	entailment
839	entailment
840	entailment
841	entailment
842	entailment
843	entailment
844	entailment
845	not_entailment
846	entailment
847	entailment
848	entailment
849	entailment
850	not_entailment
851	entailment
852	entailment
853	entailment
854	entailment
855	not_entailment
856	entailment
857	not_entailment
858	entailment
859	entailment
860	entailment
861	entailment
862	entailment
863	entailment
864	entailment
865	entailment
866	entailment
867	not_entailment
868	entailment
869	entailment
870	entailment
871	entailment
872	entailment
873	entailment
874	entailment
875	entailment
876	entailment
877	not_entailment
878	entailment
879	not_entailment
880	entailment
881	entailment
882	entailment
883	not_entailment
884	entailment
885	not_entailment
886	entailment
887	entailment
888	not_entailment
889	entailment
890	entailment
891	entailment
892	entailment
893	not_entailment
894	entailment
895	entailment
896	entailment
897	entailment
898	entailment
899	not_entailment
900	entailment
901	entailment
902	entailment
903	entailment
904	entailment
905	entailment
906	entailment
907	entailment
908	entailment
909	entailment
910	not_entailment
911	entailment
912	entailment
913	entailment
914	entailment
915	entailment
916	entailment
917	entailment
918	entailment
919	entailment
920	entailment
921	not_entailment
922	entailment
923	not_entailment
924	not_entailment
925	entailment
926	entailment
927	entailment
928	entailment
929	entailment
930	entailment
931	entailment
932	entailment
933	entailment
934	entailment
935	entailment
936	entailment
937	entailment
938	entailment
939	entailment
940	entailment
941	entailment
942	entailment
943	entailment
944	entailment
945	entailment
946	entailment
947	entailment
948	entailment
949	not_entailment
950	entailment
951	entailment
952	not_entailment
953	not_entailment
954	entailment
955	not_entailment
956	entailment
957	entailment
958	entailment
959	entailment
960	entailment
961	entailment
962	entailment
963	entailment
964	entailment
965	entailment
966	entailment
967	entailment
968	not_entailment
969	entailment
970	entailment
971	entailment
972	entailment
973	entailment
974	not_entailment
975	entailment
976	entailment
977	entailment
978	not_entailment
979	not_entailment
980	not_entailment
981	entailment
982	entailment
983	entailment
984	entailment
985	not_entailment
986	not_entailment
987	entailment
988	not_entailment
989	entailment
990	entailment
991	entailment
992	entailment
993	entailment
994	entailment
995	entailment
996	entailment
997	not_entailment
998	entailment
999	entailment
1000	entailment
1001	entailment
1002	entailment
1003	entailment
1004	not_entailment
1005	not_entailment
1006	not_entailment
1007	entailment
1008	entailment
1009	entailment
1010	entailment
1011	entailment
1012	not_entailment
1013	not_entailment
1014	not_entailment
1015	entailment
1016	not_entailment
1017	not_entailment
1018	entailment
1019	entailment
1020	not_entailment
1021	entailment
1022	not_entailment
1023	entailment
1024	not_entailment
1025	not_entailment
1026	not_entailment
1027	not_entailment
1028	not_entailment
1029	entailment
1030	not_entailment
1031	not_entailment
1032	entailment
1033	entailment
1034	entailment
1035	entailment
1036	not_entailment
1037	not_entailment
1038	not_entailment
1039	not_entailment
1040	not_entailment
1041	not_entailment
1042	entailment
1043	not_entailment
1044	not_entailment
1045	not_entailment
1046	not_entailment
1047	entailment
1048	entailment
1049	entailment
1050	not_entailment
1051	entailment
1052	not_entailment
1053	not_entailment
1054	entailment
1055	entailment
1056	not_entailment
1057	not_entailment
1058	entailment
1059	entailment
1060	entailment
1061	not_entailment
1062	not_entailment
1063	entailment
1064	not_entailment
1065	entailment
1066	entailment
1067	not_entailment
1068	entailment
1069	not_entailment
1070	entailment
1071	entailment
1072	entailment
1073	not_entailment
1074	not_entailment
1075	not_entailment
1076	not_entailment
1077	entailment
1078	entailment
1079	entailment
1080	entailment
1081	not_entailment
1082	not_entailment
1083	entailment
1084	not_entailment
1085	not_entailment
1086	not_entailment
1087	entailment
1088	entailment
1089	not_entailment
1090	not_entailment
1091	entailment
1092	not_entailment
1093	not_entailment
1094	not_entailment
1095	entailment
1096	entailment
1097	entailment
1098	entailment
1099	not_entailment
1100	entailment
1101	not_entailment
1102	not_entailment
1103	not_entailment
1104	not_entailment
1105	not_entailment
1106	not_entailment
1107	not_entailment
1108	entailment
1109	entailment
1110	not_entailment
1111	entailment
1112	not_entailment
1113	entailment
1114	entailment
1115	not_entailment
1116	not_entailment
1117	not_entailment
1118	not_entailment
1119	entailment
1120	not_entailment
1121	not_entailment
1122	not_entailment
1123	not_entailment
1124	entailment
1125	not_entailment
1126	entailment
1127	entailment
1128	not_entailment
1129	not_entailment
1130	not_entailment
1131	not_entailment
1132	not_entailment
1133	not_entailment
1134	not_entailment
1135	not_entailment
1136	not_entailment
1137	not_entailment
1138	entailment
1139	entailment
1140	not_entailment
1141	entailment
1142	entailment
1143	not_entailment
1144	entailment
1145	entailment
1146	entailment
1147	entailment
1148	not_entailment
1149	not_entailment
1150	not_entailment
1151	not_entailment
1152	not_entailment
1153	entailment
1154	not_entailment
1155	not_entailment
1156	entailment
1157	entailment
1158	not_entailment
1159	not_entailment
1160	not_entailment
1161	not_entailment
1162	not_entailment
1163	not_entailment
1164	not_entailment
1165	entailment
1166	entailment
1167	entailment
1168	entailment
1169	not_entailment
1170	not_entailment
1171	entailment
1172	entailment
1173	entailment
1174	not_entailment
1175	entailment
1176	not_entailment
1177	entailment
1178	not_entailment
1179	not_entailment
1180	not_entailment
1181	not_entailment
1182	not_entailment
1183	not_entailment
1184	not_entailment
1185	not_entailment
1186	not_entailment
1187	not_entailment
1188	not_entailment
1189	entailment
1190	not_entailment
1191	entailment
1192	not_entailment
1193	not_entailment
1194	not_entailment
1195	not_entailment
1196	not_entailment
1197	not_entailment
1198	not_entailment
1199	not_entailment
1200	not_entailment
1201	not_entailment
1202	not_entailment
1203	not_entailment
1204	not_entailment
1205	entailment
1206	entailment
1207	entailment
1208	entailment
1209	not_entailment
1210	entailment
1211	entailment
1212	not_entailment
1213	not_entailment
1214	not_entailment
1215	not_entailment
1216	entailment
1217	not_entailment
1218	entailment
1219	entailment
1220	entailment
1221	not_entailment
1222	entailment
1223	not_entailment
1224	not_entailment
1225	entailment
1226	entailment
1227	not_entailment
1228	entailment
1229	not_entailment
1230	not_entailment
1231	entailment
1232	entailment
1233	not_entailment
1234	not_entailment
1235	not_entailment
1236	not_entailment
1237	not_entailment
1238	entailment
1239	not_entailment
1240	entailment
1241	entailment
1242	not_entailment
1243	not_entailment
1244	not_entailment
1245	entailment
1246	entailment
1247	not_entailment
1248	entailment
1249	entailment
1250	entailment
1251	entailment
1252	not_entailment
1253	entailment
1254	not_entailment
1255	entailment
1256	entailment
1257	not_entailment
1258	entailment
1259	not_entailment
1260	not_entailment
1261	not_entailment
1262	not_entailment
1263	not_entailment
1264	not_entailment
1265	entailment
1266	entailment
1267	entailment
1268	entailment
1269	not_entailment
1270	entailment
1271	entailment
1272	entailment
1273	entailment
1274	entailment
1275	entailment
1276	not_entailment
1277	not_entailment
1278	not_entailment
1279	entailment
1280	entailment
1281	not_entailment
1282	entailment
1283	not_entailment
1284	entailment
1285	not_entailment
1286	not_entailment
1287	not_entailment
1288	entailment
1289	not_entailment
1290	entailment
1291	entailment
1292	entailment
1293	not_entailment
1294	not_entailment
1295	entailment
1296	not_entailment
1297	not_entailment
1298	entailment
1299	not_entailment
1300	entailment
1301	not_entailment
1302	entailment
1303	not_entailment
1304	entailment
1305	entailment
1306	not_entailment
1307	not_entailment
1308	entailment
1309	not_entailment
1310	not_entailment
1311	not_entailment
1312	not_entailment
1313	entailment
1314	entailment
1315	not_entailment
1316	not_entailment
1317	entailment
1318	not_entailment
1319	not_entailment
1320	not_entailment
1321	entailment
1322	not_entailment
1323	not_entailment
1324	not_entailment
1325	not_entailment
1326	entailment
1327	entailment
1328	not_entailment
1329	not_entailment
1330	not_entailment
1331	not_entailment
1332	not_entailment
1333	entailment
1334	entailment
1335	not_entailment
1336	not_entailment
1337	entailment
1338	entailment
1339	not_entailment
1340	not_entailment
1341	entailment
1342	entailment
1343	not_entailment
1344	not_entailment
1345	not_entailment
1346	entailment
1347	entailment
1348	not_entailment
1349	entailment
1350	not_entailment
1351	entailment
1352	entailment
1353	not_entailment
1354	not_entailment
1355	entailment
1356	entailment
1357	not_entailment
1358	entailment
1359	entailment
1360	not_entailment
1361	not_entailment
1362	not_entailment
1363	not_entailment
1364	not_entailment
1365	entailment
1366	entailment
1367	not_entailment
1368	not_entailment
1369	not_entailment
1370	not_entailment
1371	not_entailment
1372	not_entailment
1373	entailment
1374	not_entailment
1375	not_entailment
1376	not_entailment
1377	not_entailment
1378	not_entailment
1379	not_entailment
1380	not_entailment
1381	not_entailment
1382	entailment
1383	not_entailment
1384	not_entailment
1385	not_entailment
1386	entailment
1387	not_entailment
1388	not_entailment
1389	not_entailment
1390	entailment
1391	entailment
1392	not_entailment
1393	not_entailment
1394	entailment
1395	entailment
1396	not_entailment
1397	entailment
1398	not_entailment
1399	not_entailment
1400	entailment
1401	not_entailment
1402	not_entailment
1403	entailment
1404	not_entailment
1405	not_entailment
1406	not_entailment
1407	entailment
1408	entailment
1409	not_entailment
1410	not_entailment
1411	not_entailment
1412	not_entailment
1413	entailment
1414	entailment
1415	entailment
1416	not_entailment
1417	entailment
1418	entailment
1419	entailment
1420	not_entailment
1421	entailment
1422	entailment
1423	entailment
1424	entailment
1425	entailment
1426	entailment
1427	entailment
1428	entailment
1429	entailment
1430	entailment
1431	entailment
1432	not_entailment
1433	entailment
1434	entailment
1435	not_entailment
1436	entailment
1437	entailment
1438	not_entailment
1439	entailment
1440	entailment
1441	entailment
1442	entailment
1443	entailment
1444	entailment
1445	not_entailment
1446	not_entailment
1447	entailment
1448	entailment
1449	entailment
1450	entailment
1451	entailment
1452	not_entailment
1453	entailment
1454	entailment
1455	entailment
1456	entailment
1457	entailment
1458	entailment
1459	entailment
1460	entailment
1461	entailment
1462	entailment
1463	entailment
1464	not_entailment
1465	entailment
1466	entailment
1467	entailment
1468	entailment
1469	not_entailment
1470	entailment
1471	entailment
1472	entailment
1473	entailment
1474	entailment
1475	entailment
1476	entailment
1477	entailment
1478	entailment
1479	not_entailment
1480	not_entailment
1481	entailment
1482	entailment
1483	entailment
1484	not_entailment
1485	not_entailment
1486	entailment
1487	entailment
1488	entailment
1489	entailment
1490	entailment
1491	entailment
1492	entailment
1493	entailment
1494	entailment
1495	entailment
1496	entailment
1497	not_entailment
1498	entailment
1499	not_entailment
1500	not_entailment
1501	entailment
1502	entailment
1503	entailment
1504	entailment
1505	entailment
1506	entailment
1507	entailment
1508	not_entailment
1509	not_entailment
1510	entailment
1511	entailment
1512	not_entailment
1513	not_entailment
1514	entailment
1515	entailment
1516	entailment
1517	entailment
1518	entailment
1519	entailment
1520	entailment
1521	not_entailment
1522	not_entailment
1523	entailment
1524	entailment
1525	entailment
1526	not_entailment
1527	entailment
1528	entailment
1529	not_entailment
1530	entailment
1531	entailment
1532	entailment
1533	entailment
1534	entailment
1535	entailment
1536	entailment
1537	not_entailment
1538	entailment
1539	not_entailment
1540	not_entailment
1541	not_entailment
1542	not_entailment
1543	entailment
1544	entailment
1545	not_entailment
1546	not_entailment
1547	entailment
1548	not_entailment
1549	entailment
1550	entailment
1551	entailment
1552	entailment
1553	entailment
1554	not_entailment
1555	entailment
1556	entailment
1557	entailment
1558	entailment
1559	not_entailment
1560	entailment
1561	entailment
1562	entailment
1563	not_entailment
1564	not_entailment
1565	entailment
1566	entailment
1567	entailment
1568	entailment
1569	entailment
1570	not_entailment
1571	entailment
1572	not_entailment
1573	entailment
1574	not_entailment
1575	not_entailment
1576	entailment
1577	entailment
1578	entailment
1579	entailment
1580	entailment
1581	entailment
1582	entailment
1583	not_entailment
1584	not_entailment
1585	entailment
1586	not_entailment
1587	not_entailment
1588	not_entailment
1589	not_entailment
1590	entailment
1591	entailment
1592	not_entailment
1593	not_entailment
1594	entailment
1595	entailment
1596	entailment
1597	entailment
1598	entailment
1599	entailment
1600	entailment
1601	entailment
1602	entailment
1603	not_entailment
1604	not_entailment
1605	entailment
1606	entailment
1607	not_entailment
1608	not_entailment
1609	entailment
1610	entailment
1611	not_entailment
1612	entailment
1613	entailment
1614	not_entailment
1615	entailment
1616	entailment
1617	not_entailment
1618	not_entailment
1619	not_entailment
1620	entailment
1621	entailment
1622	not_entailment
1623	entailment
1624	entailment
1625	not_entailment
1626	not_entailment
1627	entailment
1628	entailment
1629	not_entailment
1630	not_entailment
1631	not_entailment
1632	entailment
1633	entailment
1634	entailment
1635	entailment
1636	not_entailment
1637	entailment
1638	not_entailment
1639	not_entailment
1640	entailment
1641	not_entailment
1642	not_entailment
1643	entailment
1644	not_entailment
1645	not_entailment
1646	not_entailment
1647	entailment
1648	not_entailment
1649	not_entailment
1650	entailment
1651	entailment
1652	not_entailment
1653	entailment
1654	entailment
1655	entailment
1656	entailment
1657	entailment
1658	entailment
1659	entailment
1660	not_entailment
1661	entailment
1662	entailment
1663	not_entailment
1664	entailment
1665	not_entailment
1666	entailment
1667	not_entailment
1668	not_entailment
1669	entailment
1670	not_entailment
1671	not_entailment
1672	not_entailment
1673	not_entailment
1674	entailment
1675	not_entailment
1676	entailment
1677	entailment
1678	not_entailment
1679	entailment
1680	entailment
1681	not_entailment
1682	not_entailment
1683	not_entailment
1684	not_entailment
1685	not_entailment
1686	entailment
1687	not_entailment
1688	not_entailment
1689	not_entailment
1690	not_entailment
1691	entailment
1692	not_entailment
1693	not_entailment
1694	not_entailment
1695	entailment
1696	entailment
1697	entailment
1698	entailment
1699	not_entailment
1700	entailment
1701	entailment
1702	entailment
1703	entailment
1704	entailment
1705	not_entailment
1706	not_entailment
1707	not_entailment
1708	not_entailment
1709	not_entailment
1710	not_entailment
1711	not_entailment
1712	entailment
1713	entailment
1714	not_entailment
1715	entailment
1716	entailment
1717	entailment
1718	not_entailment
1719	not_entailment
1720	not_entailment
1721	entailment
1722	entailment
1723	not_entailment
1724	entailment
1725	entailment
1726	not_entailment
1727	entailment
1728	entailment
1729	not_entailment
1730	not_entailment
1731	entailment
1732	not_entailment
1733	entailment
1734	entailment
1735	not_entailment
1736	entailment
1737	entailment
1738	not_entailment
1739	not_entailment
1740	entailment
1741	entailment
1742	not_entailment
1743	not_entailment
1744	not_entailment
1745	not_entailment
1746	entailment
1747	not_entailment
1748	entailment
1749	not_entailment
1750	not_entailment
1751	entailment
1752	not_entailment
1753	entailment
1754	entailment
1755	entailment
1756	not_entailment
1757	entailment
1758	not_entailment
1759	entailment
1760	entailment
1761	not_entailment
1762	entailment
1763	entailment
1764	not_entailment
1765	entailment
1766	entailment
1767	not_entailment
1768	entailment
1769	entailment
1770	entailment
1771	not_entailment
1772	not_entailment
1773	not_entailment
1774	not_entailment
1775	not_entailment
1776	not_entailment
1777	entailment
1778	entailment
1779	entailment
1780	entailment
1781	entailment
1782	not_entailment
1783	entailment
1784	not_entailment
1785	entailment
1786	entailment
1787	entailment
1788	entailment
1789	entailment
1790	not_entailment
1791	entailment
1792	entailment
1793	entailment
1794	entailment
1795	entailment
1796	not_entailment
1797	entailment
1798	entailment
1799	entailment
1800	entailment
1801	entailment
1802	entailment
1803	entailment
1804	entailment
1805	not_entailment
1806	entailment
1807	entailment
1808	entailment
1809	entailment
1810	entailment
1811	entailment
1812	not_entailment
1813	entailment
1814	entailment
1815	entailment
1816	entailment
1817	entailment
1818	entailment
1819	entailment
1820	not_entailment
1821	entailment
1822	entailment
1823	not_entailment
1824	entailment
1825	entailment
1826	entailment
1827	not_entailment
1828	entailment
1829	not_entailment
1830	entailment
1831	not_entailment
1832	not_entailment
1833	not_entailment
1834	not_entailment
1835	entailment
1836	not_entailment
1837	entailment
1838	entailment
1839	entailment
1840	entailment
1841	entailment
1842	not_entailment
1843	not_entailment
1844	not_entailment
1845	entailment
1846	not_entailment
1847	not_entailment
1848	not_entailment
1849	entailment
1850	entailment
1851	entailment
1852	entailment
1853	entailment
1854	not_entailment
1855	not_entailment
1856	not_entailment
1857	entailment
1858	entailment
1859	entailment
1860	entailment
1861	entailment
1862	not_entailment
1863	entailment
1864	entailment
1865	not_entailment
1866	not_entailment
1867	not_entailment
1868	not_entailment
1869	entailment
1870	entailment
1871	entailment
1872	not_entailment
1873	entailment
1874	entailment
1875	entailment
1876	not_entailment
1877	not_entailment
1878	not_entailment
1879	not_entailment
1880	entailment
1881	entailment
1882	not_entailment
1883	not_entailment
1884	entailment
1885	not_entailment
1886	entailment
1887	not_entailment
1888	entailment
1889	entailment
1890	not_entailment
1891	not_entailment
1892	entailment
1893	entailment
1894	entailment
1895	not_entailment
1896	entailment
1897	entailment
1898	not_entailment
1899	entailment
1900	not_entailment
1901	entailment
1902	entailment
1903	not_entailment
1904	entailment
1905	not_entailment
1906	not_entailment
1907	not_entailment
1908	entailment
1909	entailment
1910	entailment
1911	not_entailment
1912	entailment
1913	not_entailment
1914	entailment
1915	not_entailment
1916	not_entailment
1917	not_entailment
1918	not_entailment
1919	not_entailment
1920	not_entailment
1921	not_entailment
1922	not_entailment
1923	not_entailment
1924	not_entailment
1925	entailment
1926	entailment
1927	not_entailment
1928	not_entailment
1929	not_entailment
1930	entailment
1931	entailment
1932	entailment
1933	not_entailment
1934	entailment
1935	entailment
1936	not_entailment
1937	not_entailment
1938	not_entailment
1939	entailment
1940	entailment
1941	not_entailment
1942	not_entailment
1943	entailment
1944	entailment
1945	entailment
1946	not_entailment
1947	entailment
1948	not_entailment
1949	not_entailment
1950	not_entailment
1951	not_entailment
1952	not_entailment
1953	not_entailment
1954	not_entailment
1955	entailment
1956	entailment
1957	entailment
1958	entailment
1959	not_entailment
1960	not_entailment
1961	entailment
1962	entailment
1963	entailment
1964	entailment
1965	entailment
1966	entailment
1967	entailment
1968	not_entailment
1969	not_entailment
1970	entailment
1971	entailment
1972	entailment
1973	entailment
1974	entailment
1975	entailment
1976	entailment
1977	entailment
1978	entailment
1979	entailment
1980	entailment
1981	not_entailment
1982	not_entailment
1983	entailment
1984	not_entailment
1985	entailment
1986	entailment
1987	entailment
1988	entailment
1989	entailment
1990	entailment
1991	entailment
1992	not_entailment
1993	not_entailment
1994	entailment
1995	entailment
1996	not_entailment
1997	entailment
1998	entailment
1999	entailment
2000	entailment
2001	not_entailment
2002	entailment
2003	not_entailment
2004	entailment
2005	entailment
2006	not_entailment
2007	not_entailment
2008	not_entailment
2009	entailment
2010	entailment
2011	not_entailment
2012	entailment
2013	entailment
2014	entailment
2015	entailment
2016	not_entailment
2017	entailment
2018	entailment
2019	entailment
2020	not_entailment
2021	entailment
2022	entailment
2023	entailment
2024	entailment
2025	entailment
2026	entailment
2027	entailment
2028	entailment
2029	entailment
2030	entailment
2031	entailment
2032	entailment
2033	entailment
2034	not_entailment
2035	entailment
2036	entailment
2037	not_entailment
2038	entailment
2039	entailment
2040	entailment
2041	not_entailment
2042	entailment
2043	entailment
2044	entailment
2045	entailment
2046	entailment
2047	entailment
2048	not_entailment
2049	entailment
2050	entailment
2051	entailment
2052	entailment
2053	entailment
2054	not_entailment
2055	entailment
2056	not_entailment
2057	not_entailment
2058	entailment
2059	not_entailment
2060	not_entailment
2061	entailment
2062	entailment
2063	entailment
2064	entailment
2065	entailment
2066	entailment
2067	entailment
2068	entailment
2069	entailment
2070	entailment
2071	entailment
2072	not_entailment
2073	not_entailment
2074	entailment
2075	entailment
2076	entailment
2077	entailment
2078	not_entailment
2079	not_entailment
2080	entailment
2081	entailment
2082	not_entailment
2083	entailment
2084	not_entailment
2085	entailment
2086	entailment
2087	entailment
2088	entailment
2089	entailment
2090	entailment
2091	entailment
2092	not_entailment
2093	not_entailment
2094	entailment
2095	not_entailment
2096	entailment
2097	entailment
2098	not_entailment
2099	entailment
2100	entailment
2101	entailment
2102	entailment
2103	entailment
2104	not_entailment
2105	entailment
2106	entailment
2107	entailment
2108	entailment
2109	not_entailment
2110	entailment
2111	entailment
2112	not_entailment
2113	not_entailment
2114	not_entailment
2115	entailment
2116	not_entailment
2117	entailment
2118	not_entailment
2119	entailment
2120	entailment
2121	not_entailment
2122	entailment
2123	entailment
2124	not_entailment
2125	not_entailment
2126	not_entailment
2127	entailment
2128	entailment
2129	entailment
2130	entailment
2131	not_entailment
2132	not_entailment
2133	not_entailment
2134	not_entailment
2135	entailment
2136	not_entailment
2137	entailment
2138	entailment
2139	entailment
2140	not_entailment
2141	not_entailment
2142	not_entailment
2143	not_entailment
2144	not_entailment
2145	entailment
2146	entailment
2147	not_entailment
2148	entailment
2149	entailment
2150	entailment
2151	entailment
2152	entailment
2153	entailment
2154	entailment
2155	entailment
2156	not_entailment
2157	entailment
2158	not_entailment
2159	entailment
2160	not_entailment
2161	not_entailment
2162	entailment
2163	not_entailment
2164	not_entailment
2165	not_entailment
2166	entailment
2167	not_entailment
2168	not_entailment
2169	not_entailment
2170	not_entailment
2171	entailment
2172	not_entailment
2173	not_entailment
2174	entailment
2175	not_entailment
2176	entailment
2177	entailment
2178	not_entailment
2179	entailment
2180	not_entailment
2181	not_entailment
2182	not_entailment
2183	not_entailment
2184	not_entailment
2185	not_entailment
2186	entailment
2187	entailment
2188	entailment
2189	entailment
2190	entailment
2191	entailment
2192	entailment
2193	entailment
2194	entailment
2195	entailment
2196	not_entailment
2197	not_entailment
2198	entailment
2199	not_entailment
2200	entailment
2201	entailment
2202	entailment
2203	entailment
2204	entailment
2205	entailment
2206	not_entailment
2207	not_entailment
2208	entailment
2209	not_entailment
2210	not_entailment
2211	entailment
2212	not_entailment
2213	entailment
2214	entailment
2215	entailment
2216	not_entailment
2217	not_entailment
2218	entailment
2219	not_entailment
2220	not_entailment
2221	entailment
2222	entailment
2223	not_entailment
2224	entailment
2225	not_entailment
2226	entailment
2227	entailment
2228	entailment
2229	not_entailment
2230	entailment
2231	not_entailment
2232	not_entailment
2233	not_entailment
2234	entailment
2235	not_entailment
2236	not_entailment
2237	not_entailment
2238	entailment
2239	not_entailment
2240	not_entailment
2241	not_entailment
2242	entailment
2243	not_entailment
2244	entailment
2245	not_entailment
2246	entailment
2247	entailment
2248	not_entailment
2249	not_entailment
2250	entailment
2251	not_entailment
2252	entailment
2253	entailment
2254	entailment
2255	entailment
2256	entailment
2257	entailment
2258	not_entailment
2259	entailment
2260	entailment
2261	entailment
2262	entailment
2263	not_entailment
2264	not_entailment
2265	entailment
2266	not_entailment
2267	entailment
2268	not_entailment
2269	entailment
2270	not_entailment
2271	entailment
2272	entailment
2273	entailment
2274	entailment
2275	entailment
2276	entailment
2277	entailment
2278	entailment
2279	entailment
2280	entailment
2281	not_entailment
2282	entailment
2283	not_entailment
2284	entailment
2285	entailment
2286	not_entailment
2287	entailment
2288	entailment
2289	entailment
2290	entailment
2291	entailment
2292	entailment
2293	entailment
2294	entailment
2295	entailment
2296	not_entailment
2297	entailment
2298	entailment
2299	entailment
2300	entailment
2301	entailment
2302	not_entailment
2303	entailment
2304	entailment
2305	entailment
2306	entailment
2307	not_entailment
2308	entailment
2309	not_entailment
2310	entailment
2311	not_entailment
2312	not_entailment
2313	entailment
2314	entailment
2315	entailment
2316	entailment
2317	entailment
2318	entailment
2319	entailment
2320	entailment
2321	entailment
2322	entailment
2323	not_entailment
2324	entailment
2325	entailment
2326	entailment
2327	not_entailment
2328	not_entailment
2329	entailment
2330	entailment
2331	entailment
2332	not_entailment
2333	entailment
2334	not_entailment
2335	entailment
2336	entailment
2337	entailment
2338	entailment
2339	not_entailment
2340	not_entailment
2341	entailment
2342	not_entailment
2343	not_entailment
2344	not_entailment
2345	entailment
2346	entailment
2347	entailment
2348	not_entailment
2349	entailment
2350	not_entailment
2351	not_entailment
2352	not_entailment
2353	not_entailment
2354	entailment
2355	entailment
2356	entailment
2357	entailment
2358	entailment
2359	entailment
2360	entailment
2361	not_entailment
2362	not_entailment
2363	not_entailment
2364	not_entailment
2365	not_entailment
2366	not_entailment
2367	entailment
2368	entailment
2369	entailment
2370	not_entailment
2371	not_entailment
2372	entailment
2373	not_entailment
2374	entailment
2375	entailment
2376	not_entailment
2377	entailment
2378	entailment
2379	entailment
2380	not_entailment
2381	entailment
2382	entailment
2383	entailment
2384	entailment
2385	entailment
2386	entailment
2387	entailment
2388	entailment
2389	entailment
2390	entailment
2391	not_entailment
2392	entailment
2393	entailment
2394	entailment
2395	entailment
2396	entailment
2397	entailment
2398	entailment
2399	not_entailment
2400	not_entailment
2401	entailment
2402	entailment
2403	entailment
2404	entailment
2405	entailment
2406	not_entailment
2407	entailment
2408	not_entailment
2409	not_entailment
2410	entailment
2411	entailment
2412	not_entailment
2413	not_entailment
2414	not_entailment
2415	entailment
2416	not_entailment
2417	not_entailment
2418	not_entailment
2419	not_entailment
2420	not_entailment
2421	entailment
2422	entailment
2423	not_entailment
2424	not_entailment
2425	not_entailment
2426	entailment
2427	entailment
2428	not_entailment
2429	entailment
2430	entailment
2431	entailment
2432	not_entailment
2433	not_entailment
2434	not_entailment
2435	entailment
2436	entailment
2437	entailment
2438	not_entailment
2439	not_entailment
2440	entailment
2441	entailment
2442	not_entailment
2443	not_entailment
2444	not_entailment
2445	entailment
2446	entailment
2447	not_entailment
2448	not_entailment
2449	not_entailment
2450	not_entailment
2451	entailment
2452	entailment
2453	entailment
2454	not_entailment
2455	not_entailment
2456	not_entailment
2457	entailment
2458	entailment
2459	entailment
2460	entailment
2461	not_entailment
2462	entailment
2463	not_entailment
2464	entailment
2465	entailment
2466	entailment
2467	entailment
2468	not_entailment
2469	entailment
2470	entailment
2471	not_entailment
2472	entailment
2473	not_entailment
2474	entailment
2475	entailment
2476	not_entailment
2477	entailment
2478	entailment
2479	entailment
2480	entailment
2481	not_entailment
2482	entailment
2483	entailment
2484	not_entailment
2485	entailment
2486	entailment
2487	not_entailment
2488	entailment
2489	not_entailment
2490	entailment
2491	entailment
2492	entailment
2493	entailment
2494	entailment
2495	entailment
2496	not_entailment
2497	not_entailment
2498	entailment
2499	not_entailment
2500	not_entailment
2501	entailment
2502	not_entailment
2503	entailment
2504	not_entailment
2505	entailment
2506	entailment
2507	entailment
2508	not_entailment
2509	entailment
2510	not_entailment
2511	not_entailment
2512	not_entailment
2513	not_entailment
2514	not_entailment
2515	not_entailment
2516	not_entailment
2517	not_entailment
2518	entailment
2519	not_entailment
2520	not_entailment
2521	not_entailment
2522	entailment
2523	entailment
2524	not_entailment
2525	entailment
2526	entailment
2527	not_entailment
2528	not_entailment
2529	not_entailment
2530	not_entailment
2531	not_entailment
2532	entailment
2533	entailment
2534	not_entailment
2535	entailment
2536	entailment
2537	not_entailment
2538	not_entailment
2539	entailment
2540	not_entailment
2541	entailment
2542	entailment
2543	entailment
2544	not_entailment
2545	entailment
2546	entailment
2547	not_entailment
2548	not_entailment
2549	not_entailment
2550	entailment
2551	entailment
2552	not_entailment
2553	not_entailment
2554	entailment
2555	entailment
2556	entailment
2557	entailment
2558	not_entailment
2559	entailment
2560	not_entailment
2561	entailment
2562	not_entailment
2563	entailment
2564	entailment
2565	entailment
2566	entailment
2567	not_entailment
2568	entailment
2569	not_entailment
2570	entailment
2571	not_entailment
2572	not_entailment
2573	entailment
2574	not_entailment
2575	not_entailment
2576	entailment
2577	not_entailment
2578	not_entailment
2579	not_entailment
2580	not_entailment
2581	entailment
2582	not_entailment
2583	entailment
2584	not_entailment
2585	not_entailment
2586	entailment
2587	not_entailment
2588	not_entailment
2589	entailment
2590	entailment
2591	not_entailment
2592	not_entailment
2593	not_entailment
2594	not_entailment
2595	not_entailment
2596	entailment
2597	not_entailment
2598	entailment
2599	entailment
2600	entailment
2601	entailment
2602	entailment
2603	not_entailment
2604	entailment
2605	entailment
2606	entailment
2607	not_entailment
2608	entailment
2609	entailment
2610	entailment
2611	entailment
2612	entailment
2613	entailment
2614	not_entailment
2615	entailment
2616	entailment
2617	not_entailment
2618	entailment
2619	not_entailment
2620	not_entailment
2621	entailment
2622	entailment
2623	entailment
2624	not_entailment
2625	entailment
2626	not_entailment
2627	entailment
2628	entailment
2629	entailment
2630	entailment
2631	entailment
2632	not_entailment
2633	not_entailment
2634	entailment
2635	entailment
2636	entailment
2637	entailment
2638	not_entailment
2639	not_entailment
2640	entailment
2641	entailment
2642	not_entailment
2643	entailment
2644	not_entailment
2645	entailment
2646	not_entailment
2647	entailment
2648	not_entailment
2649	not_entailment
2650	not_entailment
2651	not_entailment
2652	not_entailment
2653	not_entailment
2654	not_entailment
2655	not_entailment
2656	entailment
2657	entailment
2658	not_entailment
2659	entailment
2660	entailment
2661	entailment
2662	entailment
2663	entailment
2664	entailment
2665	entailment
2666	not_entailment
2667	not_entailment
2668	entailment
2669	not_entailment
2670	not_entailment
2671	not_entailment
2672	entailment
2673	entailment
2674	entailment
2675	not_entailment
2676	entailment
2677	entailment
2678	not_entailment
2679	not_entailment
2680	entailment
2681	entailment
2682	not_entailment
2683	not_entailment
2684	not_entailment
2685	not_entailment
2686	not_entailment
2687	entailment
2688	entailment
2689	not_entailment
2690	not_entailment
2691	entailment
2692	entailment
2693	entailment
2694	not_entailment
2695	entailment
2696	entailment
2697	not_entailment
2698	not_entailment
2699	entailment
2700	entailment
2701	entailment
2702	not_entailment
2703	entailment
2704	entailment
2705	entailment
2706	entailment
2707	entailment
2708	not_entailment
2709	entailment
2710	entailment
2711	entailment
2712	entailment
2713	entailment
2714	entailment
2715	entailment
2716	not_entailment
2717	entailment
2718	entailment
2719	entailment
2720	not_entailment
2721	entailment
2722	entailment
2723	not_entailment
2724	not_entailment
2725	entailment
2726	entailment
2727	entailment
2728	entailment
2729	entailment
2730	entailment
2731	not_entailment
2732	entailment
2733	not_entailment
2734	not_entailment
2735	not_entailment
2736	not_entailment
2737	not_entailment
2738	not_entailment
2739	entailment
2740	not_entailment
2741	entailment
2742	entailment
2743	entailment
2744	entailment
2745	entailment
2746	entailment
2747	not_entailment
2748	entailment
2749	entailment
2750	not_entailment
2751	not_entailment
2752	entailment
2753	entailment
2754	not_entailment
2755	entailment
2756	not_entailment
2757	not_entailment
2758	entailment
2759	not_entailment
2760	entailment
2761	entailment
2762	not_entailment
2763	not_entailment
2764	not_entailment
2765	entailment
2766	not_entailment
2767	entailment
2768	not_entailment
2769	entailment
2770	not_entailment
2771	not_entailment
2772	not_entailment
2773	not_entailment
2774	entailment
2775	not_entailment
2776	not_entailment
2777	entailment
2778	not_entailment
2779	not_entailment
2780	entailment
2781	not_entailment
2782	entailment
2783	not_entailment
2784	not_entailment
2785	not_entailment
2786	not_entailment
2787	entailment
2788	entailment
2789	entailment
2790	not_entailment
2791	not_entailment
2792	entailment
2793	entailment
2794	not_entailment
2795	not_entailment
2796	entailment
2797	entailment
2798	not_entailment
2799	not_entailment
2800	not_entailment
2801	not_entailment
2802	entailment
2803	entailment
2804	not_entailment
2805	entailment
2806	not_entailment
2807	entailment
2808	not_entailment
2809	not_entailment
2810	entailment
2811	entailment
2812	entailment
2813	entailment
2814	entailment
2815	entailment
2816	not_entailment
2817	not_entailment
2818	not_entailment
2819	entailment
2820	not_entailment
2821	not_entailment
2822	not_entailment
2823	entailment
2824	entailment
2825	entailment
2826	entailment
2827	entailment
2828	entailment
2829	not_entailment
2830	not_entailment
2831	not_entailment
2832	not_entailment
2833	not_entailment
2834	not_entailment
2835	not_entailment
2836	not_entailment
2837	not_entailment
2838	not_entailment
2839	not_entailment
2840	not_entailment
2841	not_entailment
2842	not_entailment
2843	entailment
2844	not_entailment
2845	entailment
2846	entailment
2847	not_entailment
2848	not_entailment
2849	not_entailment
2850	not_entailment
2851	not_entailment
2852	entailment
2853	entailment
2854	not_entailment
2855	entailment
2856	not_entailment
2857	not_entailment
2858	entailment
2859	not_entailment
2860	entailment
2861	not_entailment
2862	not_entailment
2863	not_entailment
2864	not_entailment
2865	entailment
2866	entailment
2867	not_entailment
2868	entailment
2869	entailment
2870	entailment
2871	not_entailment
2872	entailment
2873	entailment
2874	entailment
2875	not_entailment
2876	entailment
2877	entailment
2878	not_entailment
2879	entailment
2880	entailment
2881	not_entailment
2882	not_entailment
2883	not_entailment
2884	entailment
2885	not_entailment
2886	not_entailment
2887	not_entailment
2888	not_entailment
2889	entailment
2890	entailment
2891	entailment
2892	not_entailment
2893	entailment
2894	not_entailment
2895	not_entailment
2896	not_entailment
2897	not_entailment
2898	not_entailment
2899	entailment
2900	not_entailment
2901	entailment
2902	entailment
2903	not_entailment
2904	not_entailment
2905	not_entailment
2906	not_entailment
2907	not_entailment
2908	not_entailment
2909	entailment
2910	entailment
2911	entailment
2912	not_entailment
2913	not_entailment
2914	not_entailment
2915	not_entailment
2916	not_entailment
2917	not_entailment
2918	entailment
2919	entailment
2920	not_entailment
2921	entailment
2922	not_entailment
2923	entailment
2924	not_entailment
2925	not_entailment
2926	not_entailment
2927	not_entailment
2928	not_entailment
2929	not_entailment
2930	not_entailment
2931	entailment
2932	not_entailment
2933	entailment
2934	not_entailment
2935	not_entailment
2936	entailment
2937	entailment
2938	not_entailment
2939	entailment
2940	not_entailment
2941	not_entailment
2942	not_entailment
2943	entailment
2944	entailment
2945	entailment
2946	not_entailment
2947	entailment
2948	entailment
2949	entailment
2950	not_entailment
2951	entailment
2952	not_entailment
2953	not_entailment
2954	entailment
2955	entailment
2956	not_entailment
2957	not_entailment
2958	not_entailment
2959	not_entailment
2960	entailment
2961	not_entailment
2962	entailment
2963	not_entailment
2964	not_entailment
2965	not_entailment
2966	not_entailment
2967	entailment
2968	not_entailment
2969	entailment
2970	entailment
2971	entailment
2972	not_entailment
2973	not_entailment
2974	entailment
2975	not_entailment
2976	not_entailment
2977	entailment
2978	entailment
2979	not_entailment
2980	entailment
2981	not_entailment
2982	not_entailment
2983	entailment
2984	entailment
2985	not_entailment
2986	not_entailment
2987	not_entailment
2988	entailment
2989	not_entailment
2990	not_entailment
2991	entailment
2992	not_entailment
2993	not_entailment
2994	entailment
2995	entailment
2996	not_entailment
2997	entailment
2998	not_entailment
2999	not_entailment
