index	prediction
0	entailment
1	entailment
2	not_entailment
3	not_entailment
4	entailment
5	entailment
6	not_entailment
7	not_entailment
8	not_entailment
9	not_entailment
10	not_entailment
11	entailment
12	not_entailment
13	entailment
14	entailment
15	not_entailment
16	not_entailment
17	entailment
18	not_entailment
19	not_entailment
20	entailment
21	entailment
22	not_entailment
23	not_entailment
24	not_entailment
25	entailment
26	not_entailment
27	entailment
28	entailment
29	entailment
30	not_entailment
31	entailment
32	entailment
33	not_entailment
34	not_entailment
35	entailment
36	entailment
37	entailment
38	entailment
39	not_entailment
40	not_entailment
41	not_entailment
42	entailment
43	entailment
44	entailment
45	entailment
46	entailment
47	entailment
48	not_entailment
49	entailment
50	entailment
51	entailment
52	not_entailment
53	not_entailment
54	not_entailment
55	entailment
56	entailment
57	entailment
58	entailment
59	not_entailment
60	entailment
61	not_entailment
62	not_entailment
63	entailment
64	entailment
65	entailment
66	entailment
67	not_entailment
68	not_entailment
69	entailment
70	entailment
71	entailment
72	entailment
73	entailment
74	entailment
75	entailment
76	not_entailment
77	entailment
78	entailment
79	not_entailment
80	not_entailment
81	entailment
82	not_entailment
83	not_entailment
84	entailment
85	not_entailment
86	entailment
87	entailment
88	not_entailment
89	entailment
90	entailment
91	entailment
92	not_entailment
93	entailment
94	entailment
95	entailment
96	not_entailment
97	entailment
98	entailment
99	not_entailment
100	entailment
101	entailment
102	entailment
103	entailment
104	entailment
105	entailment
106	entailment
107	not_entailment
108	entailment
109	not_entailment
110	entailment
111	not_entailment
112	not_entailment
113	not_entailment
114	entailment
115	not_entailment
116	not_entailment
117	entailment
118	not_entailment
119	not_entailment
120	not_entailment
121	not_entailment
122	not_entailment
123	not_entailment
124	not_entailment
125	entailment
126	not_entailment
127	not_entailment
128	not_entailment
129	entailment
130	entailment
131	entailment
132	not_entailment
133	not_entailment
134	entailment
135	not_entailment
136	not_entailment
137	entailment
138	entailment
139	entailment
140	entailment
141	not_entailment
142	entailment
143	entailment
144	entailment
145	entailment
146	not_entailment
147	entailment
148	not_entailment
149	entailment
150	entailment
151	entailment
152	entailment
153	entailment
154	entailment
155	not_entailment
156	not_entailment
157	entailment
158	not_entailment
159	not_entailment
160	entailment
161	not_entailment
162	entailment
163	not_entailment
164	entailment
165	entailment
166	entailment
167	entailment
168	entailment
169	not_entailment
170	not_entailment
171	not_entailment
172	not_entailment
173	entailment
174	entailment
175	not_entailment
176	not_entailment
177	entailment
178	not_entailment
179	entailment
180	not_entailment
181	not_entailment
182	entailment
183	not_entailment
184	entailment
185	not_entailment
186	entailment
187	entailment
188	not_entailment
189	not_entailment
190	not_entailment
191	entailment
192	entailment
193	not_entailment
194	entailment
195	entailment
196	entailment
197	not_entailment
198	entailment
199	not_entailment
200	entailment
201	not_entailment
202	not_entailment
203	not_entailment
204	entailment
205	entailment
206	not_entailment
207	entailment
208	not_entailment
209	entailment
210	not_entailment
211	not_entailment
212	entailment
213	not_entailment
214	entailment
215	entailment
216	not_entailment
217	not_entailment
218	not_entailment
219	not_entailment
220	entailment
221	entailment
222	entailment
223	not_entailment
224	entailment
225	not_entailment
226	entailment
227	entailment
228	not_entailment
229	not_entailment
230	entailment
231	not_entailment
232	not_entailment
233	not_entailment
234	entailment
235	not_entailment
236	entailment
237	entailment
238	not_entailment
239	entailment
240	entailment
241	not_entailment
242	entailment
243	entailment
244	entailment
245	not_entailment
246	entailment
247	entailment
248	entailment
249	not_entailment
250	not_entailment
251	not_entailment
252	entailment
253	not_entailment
254	not_entailment
255	entailment
256	entailment
257	entailment
258	not_entailment
259	not_entailment
260	entailment
261	not_entailment
262	entailment
263	not_entailment
264	entailment
265	entailment
266	not_entailment
267	not_entailment
268	entailment
269	not_entailment
270	entailment
271	entailment
272	not_entailment
273	entailment
274	entailment
275	not_entailment
276	not_entailment
277	entailment
278	not_entailment
279	not_entailment
280	not_entailment
281	entailment
282	entailment
283	not_entailment
284	not_entailment
285	not_entailment
286	entailment
287	not_entailment
288	entailment
289	entailment
290	entailment
291	not_entailment
292	not_entailment
293	entailment
294	entailment
295	not_entailment
296	not_entailment
297	not_entailment
298	entailment
299	entailment
300	not_entailment
301	not_entailment
302	entailment
303	entailment
304	entailment
305	not_entailment
306	not_entailment
307	not_entailment
308	entailment
309	not_entailment
310	not_entailment
311	entailment
312	entailment
313	not_entailment
314	entailment
315	not_entailment
316	entailment
317	entailment
318	entailment
319	entailment
320	not_entailment
321	not_entailment
322	not_entailment
323	not_entailment
324	entailment
325	not_entailment
326	entailment
327	entailment
328	not_entailment
329	entailment
330	not_entailment
331	entailment
332	not_entailment
333	not_entailment
334	not_entailment
335	entailment
336	not_entailment
337	entailment
338	entailment
339	entailment
340	entailment
341	entailment
342	entailment
343	not_entailment
344	not_entailment
345	entailment
346	entailment
347	entailment
348	not_entailment
349	not_entailment
350	not_entailment
351	not_entailment
352	not_entailment
353	entailment
354	entailment
355	not_entailment
356	entailment
357	not_entailment
358	entailment
359	entailment
360	entailment
361	entailment
362	entailment
363	not_entailment
364	entailment
365	entailment
366	entailment
367	entailment
368	entailment
369	not_entailment
370	not_entailment
371	entailment
372	not_entailment
373	entailment
374	not_entailment
375	entailment
376	not_entailment
377	entailment
378	entailment
379	not_entailment
380	not_entailment
381	not_entailment
382	entailment
383	not_entailment
384	not_entailment
385	entailment
386	not_entailment
387	entailment
388	entailment
389	not_entailment
390	not_entailment
391	entailment
392	not_entailment
393	entailment
394	entailment
395	entailment
396	not_entailment
397	not_entailment
398	not_entailment
399	not_entailment
400	entailment
401	not_entailment
402	entailment
403	not_entailment
404	entailment
405	entailment
406	not_entailment
407	entailment
408	not_entailment
409	entailment
410	not_entailment
411	entailment
412	entailment
413	entailment
414	entailment
415	entailment
416	entailment
417	not_entailment
418	not_entailment
419	not_entailment
420	entailment
421	entailment
422	not_entailment
423	not_entailment
424	entailment
425	entailment
426	entailment
427	entailment
428	entailment
429	entailment
430	entailment
431	not_entailment
432	entailment
433	entailment
434	not_entailment
435	entailment
436	not_entailment
437	entailment
438	not_entailment
439	not_entailment
440	entailment
441	entailment
442	entailment
443	not_entailment
444	not_entailment
445	entailment
446	not_entailment
447	not_entailment
448	entailment
449	entailment
450	entailment
451	entailment
452	entailment
453	entailment
454	not_entailment
455	entailment
456	entailment
457	entailment
458	entailment
459	entailment
460	entailment
461	entailment
462	entailment
463	entailment
464	entailment
465	not_entailment
466	entailment
467	entailment
468	entailment
469	entailment
470	not_entailment
471	entailment
472	not_entailment
473	entailment
474	entailment
475	not_entailment
476	not_entailment
477	not_entailment
478	not_entailment
479	entailment
480	not_entailment
481	entailment
482	entailment
483	entailment
484	entailment
485	entailment
486	entailment
487	entailment
488	not_entailment
489	entailment
490	entailment
491	entailment
492	entailment
493	entailment
494	entailment
495	not_entailment
496	not_entailment
497	not_entailment
498	entailment
499	not_entailment
500	entailment
501	not_entailment
502	not_entailment
503	entailment
504	not_entailment
505	not_entailment
506	not_entailment
507	entailment
508	entailment
509	not_entailment
510	not_entailment
511	entailment
512	not_entailment
513	entailment
514	entailment
515	not_entailment
516	not_entailment
517	entailment
518	not_entailment
519	entailment
520	entailment
521	entailment
522	entailment
523	entailment
524	entailment
525	entailment
526	entailment
527	not_entailment
528	entailment
529	not_entailment
530	entailment
531	entailment
532	not_entailment
533	entailment
534	entailment
535	entailment
536	entailment
537	entailment
538	entailment
539	entailment
540	entailment
541	entailment
542	entailment
543	not_entailment
544	entailment
545	not_entailment
546	entailment
547	entailment
548	entailment
549	entailment
550	entailment
551	entailment
552	entailment
553	not_entailment
554	entailment
555	not_entailment
556	entailment
557	not_entailment
558	entailment
559	not_entailment
560	entailment
561	entailment
562	not_entailment
563	entailment
564	entailment
565	entailment
566	entailment
567	entailment
568	not_entailment
569	entailment
570	not_entailment
571	entailment
572	entailment
573	entailment
574	entailment
575	not_entailment
576	entailment
577	entailment
578	entailment
579	entailment
580	not_entailment
581	not_entailment
582	entailment
583	entailment
584	entailment
585	entailment
586	entailment
587	not_entailment
588	not_entailment
589	not_entailment
590	entailment
591	entailment
592	not_entailment
593	entailment
594	entailment
595	not_entailment
596	entailment
597	entailment
598	entailment
599	not_entailment
600	entailment
601	not_entailment
602	not_entailment
603	not_entailment
604	entailment
605	not_entailment
606	entailment
607	entailment
608	not_entailment
609	entailment
610	not_entailment
611	not_entailment
612	entailment
613	entailment
614	not_entailment
615	not_entailment
616	not_entailment
617	not_entailment
618	not_entailment
619	not_entailment
620	not_entailment
621	entailment
622	not_entailment
623	not_entailment
624	entailment
625	not_entailment
626	entailment
627	not_entailment
628	not_entailment
629	entailment
630	entailment
631	entailment
632	not_entailment
633	not_entailment
634	not_entailment
635	entailment
636	entailment
637	not_entailment
638	not_entailment
639	entailment
640	entailment
641	not_entailment
642	not_entailment
643	not_entailment
644	entailment
645	not_entailment
646	entailment
647	entailment
648	not_entailment
649	not_entailment
650	not_entailment
651	entailment
652	not_entailment
653	not_entailment
654	entailment
655	not_entailment
656	entailment
657	entailment
658	entailment
659	not_entailment
660	not_entailment
661	not_entailment
662	entailment
663	entailment
664	not_entailment
665	entailment
666	entailment
667	not_entailment
668	entailment
669	not_entailment
670	entailment
671	entailment
672	not_entailment
673	not_entailment
674	not_entailment
675	entailment
676	entailment
677	not_entailment
678	entailment
679	entailment
680	entailment
681	entailment
682	not_entailment
683	not_entailment
684	not_entailment
685	not_entailment
686	entailment
687	entailment
688	entailment
689	entailment
690	not_entailment
691	not_entailment
692	entailment
693	entailment
694	entailment
695	not_entailment
696	not_entailment
697	entailment
698	entailment
699	not_entailment
700	not_entailment
701	not_entailment
702	entailment
703	not_entailment
704	not_entailment
705	not_entailment
706	entailment
707	entailment
708	entailment
709	entailment
710	not_entailment
711	not_entailment
712	not_entailment
713	not_entailment
714	not_entailment
715	not_entailment
716	not_entailment
717	not_entailment
718	not_entailment
719	not_entailment
720	entailment
721	entailment
722	not_entailment
723	not_entailment
724	entailment
725	not_entailment
726	entailment
727	entailment
728	entailment
729	entailment
730	entailment
731	entailment
732	not_entailment
733	entailment
734	entailment
735	entailment
736	not_entailment
737	not_entailment
738	entailment
739	entailment
740	not_entailment
741	entailment
742	not_entailment
743	entailment
744	entailment
745	entailment
746	not_entailment
747	not_entailment
748	not_entailment
749	not_entailment
750	not_entailment
751	entailment
752	not_entailment
753	not_entailment
754	entailment
755	entailment
756	entailment
757	not_entailment
758	entailment
759	not_entailment
760	entailment
761	entailment
762	entailment
763	not_entailment
764	not_entailment
765	not_entailment
766	entailment
767	entailment
768	entailment
769	not_entailment
770	entailment
771	not_entailment
772	not_entailment
773	not_entailment
774	not_entailment
775	entailment
776	not_entailment
777	entailment
778	not_entailment
779	not_entailment
780	not_entailment
781	entailment
782	entailment
783	entailment
784	entailment
785	not_entailment
786	entailment
787	entailment
788	entailment
789	entailment
790	not_entailment
791	not_entailment
792	entailment
793	not_entailment
794	not_entailment
795	not_entailment
796	not_entailment
797	entailment
798	not_entailment
799	not_entailment
800	entailment
801	entailment
802	entailment
803	entailment
804	not_entailment
805	entailment
806	not_entailment
807	not_entailment
808	entailment
809	not_entailment
810	not_entailment
811	entailment
812	entailment
813	entailment
814	entailment
815	entailment
816	not_entailment
817	entailment
818	entailment
819	entailment
820	entailment
821	entailment
822	not_entailment
823	entailment
824	entailment
825	not_entailment
826	entailment
827	entailment
828	entailment
829	entailment
830	entailment
831	entailment
832	entailment
833	entailment
834	not_entailment
835	entailment
836	entailment
837	not_entailment
838	entailment
839	entailment
840	not_entailment
841	entailment
842	not_entailment
843	not_entailment
844	entailment
845	entailment
846	entailment
847	entailment
848	entailment
849	not_entailment
850	not_entailment
851	entailment
852	entailment
853	not_entailment
854	entailment
855	not_entailment
856	entailment
857	not_entailment
858	entailment
859	entailment
860	entailment
861	entailment
862	entailment
863	entailment
864	entailment
865	not_entailment
866	entailment
867	not_entailment
868	entailment
869	entailment
870	entailment
871	entailment
872	entailment
873	entailment
874	entailment
875	not_entailment
876	not_entailment
877	not_entailment
878	entailment
879	entailment
880	entailment
881	entailment
882	entailment
883	entailment
884	entailment
885	not_entailment
886	entailment
887	entailment
888	not_entailment
889	entailment
890	entailment
891	entailment
892	entailment
893	not_entailment
894	entailment
895	entailment
896	entailment
897	not_entailment
898	not_entailment
899	not_entailment
900	entailment
901	entailment
902	entailment
903	entailment
904	entailment
905	entailment
906	entailment
907	entailment
908	entailment
909	entailment
910	not_entailment
911	entailment
912	not_entailment
913	entailment
914	entailment
915	entailment
916	entailment
917	entailment
918	entailment
919	not_entailment
920	entailment
921	not_entailment
922	entailment
923	entailment
924	entailment
925	entailment
926	entailment
927	entailment
928	entailment
929	entailment
930	entailment
931	not_entailment
932	entailment
933	not_entailment
934	entailment
935	not_entailment
936	entailment
937	entailment
938	entailment
939	not_entailment
940	not_entailment
941	not_entailment
942	entailment
943	entailment
944	entailment
945	not_entailment
946	not_entailment
947	not_entailment
948	entailment
949	not_entailment
950	entailment
951	not_entailment
952	not_entailment
953	not_entailment
954	entailment
955	not_entailment
956	entailment
957	entailment
958	not_entailment
959	entailment
960	entailment
961	entailment
962	entailment
963	entailment
964	not_entailment
965	not_entailment
966	entailment
967	entailment
968	not_entailment
969	entailment
970	entailment
971	entailment
972	entailment
973	entailment
974	not_entailment
975	entailment
976	entailment
977	entailment
978	not_entailment
979	not_entailment
980	entailment
981	not_entailment
982	entailment
983	entailment
984	entailment
985	not_entailment
986	not_entailment
987	entailment
988	not_entailment
989	entailment
990	entailment
991	not_entailment
992	entailment
993	not_entailment
994	entailment
995	entailment
996	entailment
997	not_entailment
998	not_entailment
999	not_entailment
1000	entailment
1001	not_entailment
1002	entailment
1003	not_entailment
1004	not_entailment
1005	entailment
1006	not_entailment
1007	entailment
1008	entailment
1009	not_entailment
1010	entailment
1011	not_entailment
1012	not_entailment
1013	not_entailment
1014	entailment
1015	entailment
1016	entailment
1017	not_entailment
1018	entailment
1019	entailment
1020	entailment
1021	entailment
1022	not_entailment
1023	entailment
1024	entailment
1025	not_entailment
1026	not_entailment
1027	not_entailment
1028	entailment
1029	not_entailment
1030	not_entailment
1031	not_entailment
1032	entailment
1033	entailment
1034	entailment
1035	not_entailment
1036	not_entailment
1037	not_entailment
1038	not_entailment
1039	not_entailment
1040	not_entailment
1041	not_entailment
1042	not_entailment
1043	not_entailment
1044	not_entailment
1045	entailment
1046	entailment
1047	entailment
1048	entailment
1049	entailment
1050	not_entailment
1051	entailment
1052	not_entailment
1053	entailment
1054	entailment
1055	entailment
1056	not_entailment
1057	not_entailment
1058	not_entailment
1059	not_entailment
1060	not_entailment
1061	not_entailment
1062	not_entailment
1063	entailment
1064	not_entailment
1065	entailment
1066	entailment
1067	entailment
1068	entailment
1069	not_entailment
1070	entailment
1071	entailment
1072	entailment
1073	entailment
1074	not_entailment
1075	not_entailment
1076	not_entailment
1077	entailment
1078	not_entailment
1079	not_entailment
1080	entailment
1081	not_entailment
1082	entailment
1083	entailment
1084	not_entailment
1085	not_entailment
1086	entailment
1087	not_entailment
1088	entailment
1089	not_entailment
1090	not_entailment
1091	entailment
1092	not_entailment
1093	not_entailment
1094	not_entailment
1095	not_entailment
1096	not_entailment
1097	entailment
1098	not_entailment
1099	not_entailment
1100	not_entailment
1101	not_entailment
1102	not_entailment
1103	not_entailment
1104	not_entailment
1105	not_entailment
1106	not_entailment
1107	not_entailment
1108	entailment
1109	not_entailment
1110	not_entailment
1111	not_entailment
1112	not_entailment
1113	entailment
1114	entailment
1115	not_entailment
1116	not_entailment
1117	not_entailment
1118	not_entailment
1119	entailment
1120	not_entailment
1121	not_entailment
1122	not_entailment
1123	not_entailment
1124	entailment
1125	not_entailment
1126	entailment
1127	entailment
1128	not_entailment
1129	not_entailment
1130	entailment
1131	not_entailment
1132	not_entailment
1133	not_entailment
1134	not_entailment
1135	not_entailment
1136	not_entailment
1137	not_entailment
1138	entailment
1139	entailment
1140	not_entailment
1141	entailment
1142	not_entailment
1143	not_entailment
1144	entailment
1145	entailment
1146	not_entailment
1147	entailment
1148	not_entailment
1149	not_entailment
1150	not_entailment
1151	not_entailment
1152	not_entailment
1153	entailment
1154	not_entailment
1155	entailment
1156	entailment
1157	entailment
1158	not_entailment
1159	not_entailment
1160	entailment
1161	not_entailment
1162	entailment
1163	not_entailment
1164	not_entailment
1165	entailment
1166	entailment
1167	entailment
1168	entailment
1169	not_entailment
1170	not_entailment
1171	entailment
1172	entailment
1173	entailment
1174	not_entailment
1175	not_entailment
1176	not_entailment
1177	entailment
1178	not_entailment
1179	not_entailment
1180	not_entailment
1181	entailment
1182	not_entailment
1183	not_entailment
1184	not_entailment
1185	not_entailment
1186	not_entailment
1187	not_entailment
1188	not_entailment
1189	entailment
1190	not_entailment
1191	not_entailment
1192	not_entailment
1193	not_entailment
1194	not_entailment
1195	entailment
1196	not_entailment
1197	not_entailment
1198	not_entailment
1199	not_entailment
1200	entailment
1201	entailment
1202	not_entailment
1203	not_entailment
1204	entailment
1205	entailment
1206	not_entailment
1207	not_entailment
1208	not_entailment
1209	not_entailment
1210	entailment
1211	entailment
1212	not_entailment
1213	entailment
1214	entailment
1215	not_entailment
1216	entailment
1217	not_entailment
1218	entailment
1219	entailment
1220	entailment
1221	not_entailment
1222	not_entailment
1223	not_entailment
1224	not_entailment
1225	entailment
1226	entailment
1227	not_entailment
1228	entailment
1229	not_entailment
1230	not_entailment
1231	entailment
1232	entailment
1233	not_entailment
1234	not_entailment
1235	entailment
1236	entailment
1237	entailment
1238	entailment
1239	not_entailment
1240	not_entailment
1241	entailment
1242	not_entailment
1243	entailment
1244	not_entailment
1245	entailment
1246	entailment
1247	not_entailment
1248	entailment
1249	entailment
1250	not_entailment
1251	entailment
1252	not_entailment
1253	entailment
1254	not_entailment
1255	entailment
1256	not_entailment
1257	not_entailment
1258	entailment
1259	not_entailment
1260	not_entailment
1261	entailment
1262	entailment
1263	entailment
1264	not_entailment
1265	entailment
1266	entailment
1267	entailment
1268	entailment
1269	not_entailment
1270	entailment
1271	entailment
1272	entailment
1273	entailment
1274	not_entailment
1275	not_entailment
1276	not_entailment
1277	entailment
1278	entailment
1279	entailment
1280	entailment
1281	not_entailment
1282	entailment
1283	not_entailment
1284	not_entailment
1285	not_entailment
1286	not_entailment
1287	entailment
1288	entailment
1289	not_entailment
1290	entailment
1291	entailment
1292	entailment
1293	not_entailment
1294	not_entailment
1295	entailment
1296	not_entailment
1297	not_entailment
1298	entailment
1299	entailment
1300	entailment
1301	not_entailment
1302	entailment
1303	not_entailment
1304	entailment
1305	entailment
1306	not_entailment
1307	not_entailment
1308	entailment
1309	not_entailment
1310	not_entailment
1311	not_entailment
1312	not_entailment
1313	entailment
1314	entailment
1315	entailment
1316	not_entailment
1317	entailment
1318	not_entailment
1319	not_entailment
1320	entailment
1321	entailment
1322	not_entailment
1323	not_entailment
1324	not_entailment
1325	not_entailment
1326	entailment
1327	not_entailment
1328	not_entailment
1329	entailment
1330	not_entailment
1331	not_entailment
1332	not_entailment
1333	entailment
1334	entailment
1335	entailment
1336	not_entailment
1337	entailment
1338	entailment
1339	entailment
1340	not_entailment
1341	entailment
1342	entailment
1343	entailment
1344	not_entailment
1345	not_entailment
1346	entailment
1347	entailment
1348	not_entailment
1349	entailment
1350	not_entailment
1351	entailment
1352	entailment
1353	not_entailment
1354	not_entailment
1355	entailment
1356	entailment
1357	not_entailment
1358	entailment
1359	entailment
1360	not_entailment
1361	not_entailment
1362	not_entailment
1363	not_entailment
1364	not_entailment
1365	entailment
1366	not_entailment
1367	not_entailment
1368	not_entailment
1369	not_entailment
1370	not_entailment
1371	not_entailment
1372	entailment
1373	entailment
1374	entailment
1375	entailment
1376	not_entailment
1377	not_entailment
1378	not_entailment
1379	not_entailment
1380	not_entailment
1381	not_entailment
1382	entailment
1383	not_entailment
1384	not_entailment
1385	not_entailment
1386	not_entailment
1387	not_entailment
1388	not_entailment
1389	not_entailment
1390	entailment
1391	not_entailment
1392	not_entailment
1393	not_entailment
1394	entailment
1395	not_entailment
1396	not_entailment
1397	entailment
1398	entailment
1399	not_entailment
1400	entailment
1401	not_entailment
1402	entailment
1403	entailment
1404	entailment
1405	entailment
1406	not_entailment
1407	not_entailment
1408	entailment
1409	not_entailment
1410	entailment
1411	not_entailment
1412	not_entailment
1413	entailment
1414	not_entailment
1415	not_entailment
1416	not_entailment
1417	entailment
1418	entailment
1419	entailment
1420	not_entailment
1421	entailment
1422	entailment
1423	entailment
1424	entailment
1425	entailment
1426	entailment
1427	entailment
1428	not_entailment
1429	entailment
1430	entailment
1431	entailment
1432	entailment
1433	entailment
1434	entailment
1435	not_entailment
1436	entailment
1437	entailment
1438	entailment
1439	entailment
1440	entailment
1441	entailment
1442	entailment
1443	entailment
1444	entailment
1445	not_entailment
1446	not_entailment
1447	not_entailment
1448	entailment
1449	entailment
1450	entailment
1451	entailment
1452	not_entailment
1453	entailment
1454	entailment
1455	not_entailment
1456	entailment
1457	entailment
1458	entailment
1459	entailment
1460	entailment
1461	entailment
1462	not_entailment
1463	not_entailment
1464	not_entailment
1465	entailment
1466	entailment
1467	entailment
1468	entailment
1469	not_entailment
1470	entailment
1471	not_entailment
1472	not_entailment
1473	entailment
1474	not_entailment
1475	entailment
1476	entailment
1477	entailment
1478	entailment
1479	not_entailment
1480	not_entailment
1481	not_entailment
1482	not_entailment
1483	entailment
1484	not_entailment
1485	not_entailment
1486	entailment
1487	entailment
1488	entailment
1489	entailment
1490	entailment
1491	entailment
1492	entailment
1493	entailment
1494	entailment
1495	not_entailment
1496	entailment
1497	not_entailment
1498	entailment
1499	entailment
1500	not_entailment
1501	entailment
1502	not_entailment
1503	entailment
1504	entailment
1505	entailment
1506	not_entailment
1507	entailment
1508	not_entailment
1509	not_entailment
1510	entailment
1511	entailment
1512	entailment
1513	not_entailment
1514	entailment
1515	entailment
1516	entailment
1517	entailment
1518	entailment
1519	entailment
1520	entailment
1521	entailment
1522	not_entailment
1523	entailment
1524	entailment
1525	entailment
1526	not_entailment
1527	entailment
1528	not_entailment
1529	not_entailment
1530	entailment
1531	entailment
1532	not_entailment
1533	entailment
1534	entailment
1535	entailment
1536	entailment
1537	not_entailment
1538	entailment
1539	not_entailment
1540	not_entailment
1541	not_entailment
1542	not_entailment
1543	entailment
1544	not_entailment
1545	not_entailment
1546	not_entailment
1547	entailment
1548	not_entailment
1549	entailment
1550	entailment
1551	entailment
1552	entailment
1553	entailment
1554	not_entailment
1555	entailment
1556	entailment
1557	entailment
1558	entailment
1559	entailment
1560	entailment
1561	entailment
1562	entailment
1563	entailment
1564	not_entailment
1565	entailment
1566	entailment
1567	entailment
1568	not_entailment
1569	entailment
1570	entailment
1571	entailment
1572	entailment
1573	entailment
1574	not_entailment
1575	not_entailment
1576	entailment
1577	entailment
1578	entailment
1579	not_entailment
1580	not_entailment
1581	entailment
1582	entailment
1583	not_entailment
1584	not_entailment
1585	entailment
1586	entailment
1587	not_entailment
1588	not_entailment
1589	not_entailment
1590	entailment
1591	entailment
1592	entailment
1593	not_entailment
1594	entailment
1595	entailment
1596	entailment
1597	entailment
1598	entailment
1599	entailment
1600	entailment
1601	entailment
1602	entailment
1603	not_entailment
1604	not_entailment
1605	entailment
1606	entailment
1607	not_entailment
1608	not_entailment
1609	entailment
1610	not_entailment
1611	not_entailment
1612	entailment
1613	entailment
1614	not_entailment
1615	entailment
1616	entailment
1617	not_entailment
1618	not_entailment
1619	not_entailment
1620	entailment
1621	entailment
1622	not_entailment
1623	entailment
1624	entailment
1625	not_entailment
1626	not_entailment
1627	entailment
1628	entailment
1629	not_entailment
1630	not_entailment
1631	not_entailment
1632	entailment
1633	entailment
1634	entailment
1635	entailment
1636	not_entailment
1637	not_entailment
1638	not_entailment
1639	not_entailment
1640	entailment
1641	not_entailment
1642	not_entailment
1643	entailment
1644	not_entailment
1645	not_entailment
1646	not_entailment
1647	not_entailment
1648	not_entailment
1649	not_entailment
1650	entailment
1651	entailment
1652	not_entailment
1653	entailment
1654	entailment
1655	entailment
1656	entailment
1657	entailment
1658	entailment
1659	entailment
1660	not_entailment
1661	entailment
1662	entailment
1663	not_entailment
1664	entailment
1665	not_entailment
1666	entailment
1667	not_entailment
1668	entailment
1669	entailment
1670	not_entailment
1671	entailment
1672	not_entailment
1673	not_entailment
1674	entailment
1675	not_entailment
1676	entailment
1677	entailment
1678	not_entailment
1679	entailment
1680	not_entailment
1681	not_entailment
1682	not_entailment
1683	not_entailment
1684	not_entailment
1685	not_entailment
1686	entailment
1687	entailment
1688	not_entailment
1689	not_entailment
1690	not_entailment
1691	not_entailment
1692	not_entailment
1693	entailment
1694	not_entailment
1695	entailment
1696	entailment
1697	entailment
1698	entailment
1699	not_entailment
1700	not_entailment
1701	entailment
1702	entailment
1703	entailment
1704	entailment
1705	not_entailment
1706	not_entailment
1707	not_entailment
1708	entailment
1709	not_entailment
1710	not_entailment
1711	not_entailment
1712	entailment
1713	entailment
1714	not_entailment
1715	entailment
1716	entailment
1717	entailment
1718	not_entailment
1719	not_entailment
1720	not_entailment
1721	not_entailment
1722	entailment
1723	entailment
1724	entailment
1725	entailment
1726	not_entailment
1727	entailment
1728	entailment
1729	not_entailment
1730	not_entailment
1731	entailment
1732	not_entailment
1733	entailment
1734	entailment
1735	entailment
1736	not_entailment
1737	entailment
1738	not_entailment
1739	not_entailment
1740	not_entailment
1741	entailment
1742	not_entailment
1743	not_entailment
1744	not_entailment
1745	not_entailment
1746	not_entailment
1747	not_entailment
1748	not_entailment
1749	not_entailment
1750	not_entailment
1751	entailment
1752	not_entailment
1753	entailment
1754	not_entailment
1755	entailment
1756	not_entailment
1757	not_entailment
1758	not_entailment
1759	entailment
1760	entailment
1761	entailment
1762	entailment
1763	not_entailment
1764	entailment
1765	entailment
1766	entailment
1767	not_entailment
1768	entailment
1769	not_entailment
1770	not_entailment
1771	not_entailment
1772	entailment
1773	not_entailment
1774	not_entailment
1775	entailment
1776	not_entailment
1777	entailment
1778	entailment
1779	entailment
1780	entailment
1781	entailment
1782	not_entailment
1783	not_entailment
1784	not_entailment
1785	entailment
1786	entailment
1787	entailment
1788	entailment
1789	not_entailment
1790	not_entailment
1791	entailment
1792	entailment
1793	entailment
1794	entailment
1795	entailment
1796	not_entailment
1797	not_entailment
1798	entailment
1799	entailment
1800	entailment
1801	not_entailment
1802	not_entailment
1803	not_entailment
1804	entailment
1805	not_entailment
1806	entailment
1807	not_entailment
1808	not_entailment
1809	entailment
1810	entailment
1811	entailment
1812	not_entailment
1813	entailment
1814	entailment
1815	entailment
1816	not_entailment
1817	entailment
1818	entailment
1819	entailment
1820	not_entailment
1821	entailment
1822	entailment
1823	not_entailment
1824	entailment
1825	entailment
1826	entailment
1827	not_entailment
1828	not_entailment
1829	not_entailment
1830	entailment
1831	not_entailment
1832	not_entailment
1833	not_entailment
1834	not_entailment
1835	entailment
1836	not_entailment
1837	entailment
1838	entailment
1839	not_entailment
1840	not_entailment
1841	entailment
1842	not_entailment
1843	not_entailment
1844	not_entailment
1845	entailment
1846	not_entailment
1847	not_entailment
1848	not_entailment
1849	not_entailment
1850	entailment
1851	not_entailment
1852	not_entailment
1853	not_entailment
1854	entailment
1855	not_entailment
1856	not_entailment
1857	entailment
1858	entailment
1859	not_entailment
1860	entailment
1861	entailment
1862	entailment
1863	entailment
1864	not_entailment
1865	not_entailment
1866	not_entailment
1867	not_entailment
1868	not_entailment
1869	not_entailment
1870	not_entailment
1871	entailment
1872	not_entailment
1873	not_entailment
1874	entailment
1875	not_entailment
1876	not_entailment
1877	not_entailment
1878	not_entailment
1879	not_entailment
1880	not_entailment
1881	entailment
1882	not_entailment
1883	not_entailment
1884	entailment
1885	not_entailment
1886	entailment
1887	entailment
1888	not_entailment
1889	entailment
1890	entailment
1891	not_entailment
1892	entailment
1893	not_entailment
1894	entailment
1895	not_entailment
1896	entailment
1897	entailment
1898	not_entailment
1899	entailment
1900	not_entailment
1901	entailment
1902	entailment
1903	not_entailment
1904	entailment
1905	entailment
1906	not_entailment
1907	not_entailment
1908	not_entailment
1909	entailment
1910	entailment
1911	entailment
1912	not_entailment
1913	not_entailment
1914	not_entailment
1915	entailment
1916	not_entailment
1917	not_entailment
1918	not_entailment
1919	entailment
1920	not_entailment
1921	not_entailment
1922	not_entailment
1923	not_entailment
1924	entailment
1925	entailment
1926	not_entailment
1927	entailment
1928	not_entailment
1929	not_entailment
1930	not_entailment
1931	entailment
1932	entailment
1933	not_entailment
1934	not_entailment
1935	entailment
1936	not_entailment
1937	not_entailment
1938	not_entailment
1939	entailment
1940	entailment
1941	not_entailment
1942	not_entailment
1943	entailment
1944	entailment
1945	not_entailment
1946	not_entailment
1947	entailment
1948	entailment
1949	not_entailment
1950	entailment
1951	not_entailment
1952	not_entailment
1953	not_entailment
1954	not_entailment
1955	not_entailment
1956	not_entailment
1957	entailment
1958	not_entailment
1959	entailment
1960	not_entailment
1961	entailment
1962	entailment
1963	entailment
1964	not_entailment
1965	entailment
1966	not_entailment
1967	not_entailment
1968	not_entailment
1969	entailment
1970	entailment
1971	entailment
1972	entailment
1973	entailment
1974	entailment
1975	not_entailment
1976	entailment
1977	entailment
1978	entailment
1979	entailment
1980	not_entailment
1981	entailment
1982	not_entailment
1983	entailment
1984	not_entailment
1985	entailment
1986	not_entailment
1987	not_entailment
1988	entailment
1989	entailment
1990	entailment
1991	entailment
1992	not_entailment
1993	not_entailment
1994	entailment
1995	entailment
1996	not_entailment
1997	entailment
1998	entailment
1999	entailment
2000	entailment
2001	not_entailment
2002	entailment
2003	entailment
2004	entailment
2005	entailment
2006	not_entailment
2007	not_entailment
2008	not_entailment
2009	entailment
2010	entailment
2011	not_entailment
2012	entailment
2013	entailment
2014	not_entailment
2015	not_entailment
2016	not_entailment
2017	entailment
2018	not_entailment
2019	entailment
2020	not_entailment
2021	entailment
2022	entailment
2023	entailment
2024	entailment
2025	entailment
2026	entailment
2027	entailment
2028	not_entailment
2029	not_entailment
2030	entailment
2031	entailment
2032	entailment
2033	entailment
2034	not_entailment
2035	entailment
2036	entailment
2037	entailment
2038	entailment
2039	entailment
2040	entailment
2041	entailment
2042	entailment
2043	entailment
2044	not_entailment
2045	entailment
2046	entailment
2047	not_entailment
2048	not_entailment
2049	entailment
2050	not_entailment
2051	entailment
2052	not_entailment
2053	entailment
2054	not_entailment
2055	entailment
2056	not_entailment
2057	not_entailment
2058	entailment
2059	not_entailment
2060	not_entailment
2061	entailment
2062	entailment
2063	entailment
2064	entailment
2065	entailment
2066	entailment
2067	entailment
2068	entailment
2069	entailment
2070	not_entailment
2071	entailment
2072	entailment
2073	not_entailment
2074	not_entailment
2075	entailment
2076	not_entailment
2077	entailment
2078	not_entailment
2079	entailment
2080	entailment
2081	not_entailment
2082	not_entailment
2083	entailment
2084	entailment
2085	entailment
2086	not_entailment
2087	not_entailment
2088	entailment
2089	entailment
2090	not_entailment
2091	not_entailment
2092	not_entailment
2093	not_entailment
2094	entailment
2095	not_entailment
2096	entailment
2097	entailment
2098	not_entailment
2099	entailment
2100	entailment
2101	entailment
2102	entailment
2103	entailment
2104	entailment
2105	entailment
2106	entailment
2107	entailment
2108	entailment
2109	not_entailment
2110	entailment
2111	entailment
2112	entailment
2113	not_entailment
2114	not_entailment
2115	entailment
2116	not_entailment
2117	entailment
2118	not_entailment
2119	not_entailment
2120	entailment
2121	not_entailment
2122	entailment
2123	entailment
2124	not_entailment
2125	entailment
2126	not_entailment
2127	entailment
2128	entailment
2129	not_entailment
2130	entailment
2131	not_entailment
2132	not_entailment
2133	entailment
2134	entailment
2135	entailment
2136	not_entailment
2137	entailment
2138	entailment
2139	entailment
2140	not_entailment
2141	not_entailment
2142	entailment
2143	not_entailment
2144	entailment
2145	entailment
2146	entailment
2147	not_entailment
2148	entailment
2149	not_entailment
2150	entailment
2151	entailment
2152	entailment
2153	entailment
2154	not_entailment
2155	entailment
2156	not_entailment
2157	entailment
2158	not_entailment
2159	entailment
2160	entailment
2161	not_entailment
2162	entailment
2163	not_entailment
2164	entailment
2165	not_entailment
2166	entailment
2167	entailment
2168	entailment
2169	not_entailment
2170	not_entailment
2171	entailment
2172	not_entailment
2173	not_entailment
2174	entailment
2175	not_entailment
2176	entailment
2177	entailment
2178	not_entailment
2179	entailment
2180	not_entailment
2181	not_entailment
2182	not_entailment
2183	not_entailment
2184	not_entailment
2185	not_entailment
2186	entailment
2187	entailment
2188	entailment
2189	entailment
2190	entailment
2191	entailment
2192	not_entailment
2193	entailment
2194	entailment
2195	entailment
2196	not_entailment
2197	entailment
2198	entailment
2199	entailment
2200	not_entailment
2201	entailment
2202	not_entailment
2203	not_entailment
2204	entailment
2205	not_entailment
2206	not_entailment
2207	not_entailment
2208	not_entailment
2209	entailment
2210	not_entailment
2211	entailment
2212	not_entailment
2213	entailment
2214	entailment
2215	entailment
2216	not_entailment
2217	not_entailment
2218	not_entailment
2219	not_entailment
2220	not_entailment
2221	entailment
2222	entailment
2223	entailment
2224	entailment
2225	not_entailment
2226	entailment
2227	not_entailment
2228	entailment
2229	not_entailment
2230	entailment
2231	not_entailment
2232	not_entailment
2233	not_entailment
2234	entailment
2235	not_entailment
2236	not_entailment
2237	not_entailment
2238	entailment
2239	not_entailment
2240	not_entailment
2241	not_entailment
2242	entailment
2243	not_entailment
2244	entailment
2245	not_entailment
2246	not_entailment
2247	not_entailment
2248	not_entailment
2249	not_entailment
2250	entailment
2251	not_entailment
2252	entailment
2253	entailment
2254	entailment
2255	not_entailment
2256	not_entailment
2257	entailment
2258	not_entailment
2259	not_entailment
2260	entailment
2261	entailment
2262	not_entailment
2263	not_entailment
2264	not_entailment
2265	entailment
2266	not_entailment
2267	entailment
2268	not_entailment
2269	not_entailment
2270	not_entailment
2271	entailment
2272	entailment
2273	entailment
2274	entailment
2275	entailment
2276	entailment
2277	not_entailment
2278	not_entailment
2279	entailment
2280	entailment
2281	not_entailment
2282	entailment
2283	not_entailment
2284	entailment
2285	entailment
2286	not_entailment
2287	entailment
2288	entailment
2289	entailment
2290	entailment
2291	entailment
2292	entailment
2293	entailment
2294	entailment
2295	entailment
2296	entailment
2297	entailment
2298	entailment
2299	entailment
2300	entailment
2301	not_entailment
2302	not_entailment
2303	entailment
2304	entailment
2305	entailment
2306	entailment
2307	not_entailment
2308	entailment
2309	not_entailment
2310	entailment
2311	not_entailment
2312	not_entailment
2313	entailment
2314	entailment
2315	entailment
2316	entailment
2317	entailment
2318	entailment
2319	not_entailment
2320	entailment
2321	entailment
2322	entailment
2323	not_entailment
2324	entailment
2325	entailment
2326	not_entailment
2327	not_entailment
2328	not_entailment
2329	entailment
2330	entailment
2331	entailment
2332	entailment
2333	entailment
2334	not_entailment
2335	entailment
2336	entailment
2337	entailment
2338	not_entailment
2339	not_entailment
2340	not_entailment
2341	not_entailment
2342	entailment
2343	not_entailment
2344	not_entailment
2345	entailment
2346	entailment
2347	entailment
2348	not_entailment
2349	not_entailment
2350	entailment
2351	not_entailment
2352	entailment
2353	entailment
2354	entailment
2355	entailment
2356	entailment
2357	entailment
2358	entailment
2359	entailment
2360	entailment
2361	not_entailment
2362	not_entailment
2363	not_entailment
2364	not_entailment
2365	not_entailment
2366	not_entailment
2367	entailment
2368	entailment
2369	entailment
2370	entailment
2371	not_entailment
2372	entailment
2373	not_entailment
2374	entailment
2375	entailment
2376	not_entailment
2377	entailment
2378	entailment
2379	entailment
2380	entailment
2381	entailment
2382	entailment
2383	entailment
2384	entailment
2385	entailment
2386	entailment
2387	entailment
2388	entailment
2389	entailment
2390	entailment
2391	not_entailment
2392	entailment
2393	entailment
2394	entailment
2395	entailment
2396	entailment
2397	entailment
2398	entailment
2399	not_entailment
2400	not_entailment
2401	entailment
2402	entailment
2403	not_entailment
2404	entailment
2405	entailment
2406	not_entailment
2407	entailment
2408	not_entailment
2409	not_entailment
2410	entailment
2411	entailment
2412	not_entailment
2413	not_entailment
2414	not_entailment
2415	entailment
2416	not_entailment
2417	entailment
2418	not_entailment
2419	not_entailment
2420	not_entailment
2421	entailment
2422	not_entailment
2423	not_entailment
2424	not_entailment
2425	not_entailment
2426	entailment
2427	entailment
2428	not_entailment
2429	not_entailment
2430	entailment
2431	entailment
2432	not_entailment
2433	not_entailment
2434	entailment
2435	entailment
2436	entailment
2437	entailment
2438	not_entailment
2439	entailment
2440	entailment
2441	entailment
2442	entailment
2443	not_entailment
2444	not_entailment
2445	entailment
2446	not_entailment
2447	entailment
2448	not_entailment
2449	entailment
2450	entailment
2451	entailment
2452	entailment
2453	entailment
2454	entailment
2455	entailment
2456	entailment
2457	entailment
2458	entailment
2459	entailment
2460	entailment
2461	entailment
2462	entailment
2463	not_entailment
2464	entailment
2465	not_entailment
2466	entailment
2467	entailment
2468	entailment
2469	entailment
2470	not_entailment
2471	not_entailment
2472	entailment
2473	not_entailment
2474	not_entailment
2475	entailment
2476	not_entailment
2477	entailment
2478	entailment
2479	entailment
2480	entailment
2481	not_entailment
2482	entailment
2483	not_entailment
2484	not_entailment
2485	entailment
2486	entailment
2487	not_entailment
2488	entailment
2489	not_entailment
2490	entailment
2491	entailment
2492	entailment
2493	entailment
2494	entailment
2495	entailment
2496	not_entailment
2497	entailment
2498	not_entailment
2499	not_entailment
2500	not_entailment
2501	entailment
2502	entailment
2503	entailment
2504	entailment
2505	entailment
2506	entailment
2507	entailment
2508	not_entailment
2509	entailment
2510	not_entailment
2511	entailment
2512	entailment
2513	not_entailment
2514	not_entailment
2515	not_entailment
2516	not_entailment
2517	not_entailment
2518	entailment
2519	entailment
2520	not_entailment
2521	not_entailment
2522	entailment
2523	entailment
2524	not_entailment
2525	entailment
2526	not_entailment
2527	not_entailment
2528	not_entailment
2529	entailment
2530	entailment
2531	not_entailment
2532	entailment
2533	entailment
2534	not_entailment
2535	entailment
2536	entailment
2537	not_entailment
2538	not_entailment
2539	entailment
2540	not_entailment
2541	entailment
2542	entailment
2543	entailment
2544	not_entailment
2545	entailment
2546	not_entailment
2547	entailment
2548	not_entailment
2549	not_entailment
2550	entailment
2551	entailment
2552	entailment
2553	not_entailment
2554	entailment
2555	entailment
2556	entailment
2557	entailment
2558	entailment
2559	entailment
2560	not_entailment
2561	entailment
2562	not_entailment
2563	entailment
2564	entailment
2565	entailment
2566	not_entailment
2567	not_entailment
2568	entailment
2569	entailment
2570	entailment
2571	entailment
2572	not_entailment
2573	entailment
2574	not_entailment
2575	not_entailment
2576	entailment
2577	not_entailment
2578	not_entailment
2579	not_entailment
2580	not_entailment
2581	not_entailment
2582	entailment
2583	not_entailment
2584	not_entailment
2585	not_entailment
2586	entailment
2587	not_entailment
2588	not_entailment
2589	entailment
2590	entailment
2591	not_entailment
2592	not_entailment
2593	entailment
2594	entailment
2595	not_entailment
2596	entailment
2597	not_entailment
2598	entailment
2599	entailment
2600	not_entailment
2601	not_entailment
2602	not_entailment
2603	not_entailment
2604	entailment
2605	entailment
2606	entailment
2607	not_entailment
2608	entailment
2609	entailment
2610	not_entailment
2611	entailment
2612	not_entailment
2613	entailment
2614	entailment
2615	entailment
2616	entailment
2617	entailment
2618	not_entailment
2619	not_entailment
2620	not_entailment
2621	entailment
2622	entailment
2623	entailment
2624	not_entailment
2625	entailment
2626	not_entailment
2627	not_entailment
2628	entailment
2629	entailment
2630	entailment
2631	entailment
2632	not_entailment
2633	not_entailment
2634	not_entailment
2635	entailment
2636	not_entailment
2637	not_entailment
2638	not_entailment
2639	not_entailment
2640	not_entailment
2641	entailment
2642	not_entailment
2643	entailment
2644	not_entailment
2645	entailment
2646	entailment
2647	not_entailment
2648	not_entailment
2649	not_entailment
2650	not_entailment
2651	entailment
2652	not_entailment
2653	not_entailment
2654	not_entailment
2655	not_entailment
2656	entailment
2657	entailment
2658	not_entailment
2659	entailment
2660	entailment
2661	not_entailment
2662	entailment
2663	entailment
2664	not_entailment
2665	entailment
2666	not_entailment
2667	not_entailment
2668	entailment
2669	not_entailment
2670	not_entailment
2671	not_entailment
2672	entailment
2673	not_entailment
2674	not_entailment
2675	not_entailment
2676	not_entailment
2677	entailment
2678	not_entailment
2679	not_entailment
2680	entailment
2681	entailment
2682	not_entailment
2683	not_entailment
2684	entailment
2685	not_entailment
2686	not_entailment
2687	entailment
2688	entailment
2689	not_entailment
2690	entailment
2691	entailment
2692	entailment
2693	entailment
2694	not_entailment
2695	not_entailment
2696	entailment
2697	not_entailment
2698	entailment
2699	entailment
2700	entailment
2701	entailment
2702	entailment
2703	not_entailment
2704	not_entailment
2705	entailment
2706	not_entailment
2707	entailment
2708	not_entailment
2709	not_entailment
2710	entailment
2711	not_entailment
2712	entailment
2713	not_entailment
2714	not_entailment
2715	not_entailment
2716	entailment
2717	entailment
2718	entailment
2719	entailment
2720	not_entailment
2721	entailment
2722	not_entailment
2723	not_entailment
2724	not_entailment
2725	entailment
2726	not_entailment
2727	entailment
2728	entailment
2729	entailment
2730	entailment
2731	not_entailment
2732	entailment
2733	not_entailment
2734	not_entailment
2735	not_entailment
2736	entailment
2737	not_entailment
2738	not_entailment
2739	entailment
2740	entailment
2741	not_entailment
2742	entailment
2743	entailment
2744	entailment
2745	entailment
2746	entailment
2747	entailment
2748	entailment
2749	not_entailment
2750	not_entailment
2751	entailment
2752	entailment
2753	entailment
2754	not_entailment
2755	not_entailment
2756	not_entailment
2757	entailment
2758	entailment
2759	not_entailment
2760	entailment
2761	entailment
2762	not_entailment
2763	not_entailment
2764	not_entailment
2765	entailment
2766	not_entailment
2767	entailment
2768	not_entailment
2769	entailment
2770	entailment
2771	entailment
2772	not_entailment
2773	entailment
2774	entailment
2775	not_entailment
2776	not_entailment
2777	entailment
2778	not_entailment
2779	entailment
2780	not_entailment
2781	not_entailment
2782	entailment
2783	not_entailment
2784	not_entailment
2785	not_entailment
2786	entailment
2787	not_entailment
2788	not_entailment
2789	entailment
2790	not_entailment
2791	not_entailment
2792	entailment
2793	entailment
2794	not_entailment
2795	not_entailment
2796	entailment
2797	entailment
2798	not_entailment
2799	entailment
2800	entailment
2801	not_entailment
2802	not_entailment
2803	entailment
2804	not_entailment
2805	entailment
2806	not_entailment
2807	entailment
2808	not_entailment
2809	not_entailment
2810	entailment
2811	entailment
2812	entailment
2813	entailment
2814	entailment
2815	entailment
2816	not_entailment
2817	not_entailment
2818	not_entailment
2819	not_entailment
2820	not_entailment
2821	not_entailment
2822	not_entailment
2823	entailment
2824	entailment
2825	entailment
2826	entailment
2827	entailment
2828	not_entailment
2829	not_entailment
2830	not_entailment
2831	not_entailment
2832	not_entailment
2833	entailment
2834	not_entailment
2835	entailment
2836	not_entailment
2837	entailment
2838	not_entailment
2839	not_entailment
2840	not_entailment
2841	entailment
2842	not_entailment
2843	entailment
2844	not_entailment
2845	entailment
2846	entailment
2847	not_entailment
2848	not_entailment
2849	not_entailment
2850	not_entailment
2851	not_entailment
2852	entailment
2853	entailment
2854	not_entailment
2855	entailment
2856	not_entailment
2857	not_entailment
2858	entailment
2859	not_entailment
2860	entailment
2861	not_entailment
2862	not_entailment
2863	not_entailment
2864	not_entailment
2865	entailment
2866	entailment
2867	not_entailment
2868	entailment
2869	not_entailment
2870	not_entailment
2871	not_entailment
2872	entailment
2873	not_entailment
2874	entailment
2875	not_entailment
2876	entailment
2877	entailment
2878	not_entailment
2879	entailment
2880	entailment
2881	not_entailment
2882	not_entailment
2883	not_entailment
2884	entailment
2885	entailment
2886	not_entailment
2887	not_entailment
2888	not_entailment
2889	not_entailment
2890	entailment
2891	entailment
2892	not_entailment
2893	not_entailment
2894	not_entailment
2895	not_entailment
2896	not_entailment
2897	not_entailment
2898	not_entailment
2899	entailment
2900	not_entailment
2901	entailment
2902	entailment
2903	not_entailment
2904	not_entailment
2905	not_entailment
2906	not_entailment
2907	not_entailment
2908	entailment
2909	entailment
2910	entailment
2911	entailment
2912	not_entailment
2913	not_entailment
2914	not_entailment
2915	not_entailment
2916	not_entailment
2917	not_entailment
2918	entailment
2919	entailment
2920	not_entailment
2921	not_entailment
2922	entailment
2923	entailment
2924	not_entailment
2925	not_entailment
2926	not_entailment
2927	not_entailment
2928	not_entailment
2929	not_entailment
2930	not_entailment
2931	entailment
2932	not_entailment
2933	entailment
2934	not_entailment
2935	not_entailment
2936	entailment
2937	entailment
2938	entailment
2939	entailment
2940	not_entailment
2941	not_entailment
2942	not_entailment
2943	entailment
2944	entailment
2945	entailment
2946	not_entailment
2947	entailment
2948	entailment
2949	entailment
2950	not_entailment
2951	entailment
2952	not_entailment
2953	not_entailment
2954	not_entailment
2955	entailment
2956	not_entailment
2957	not_entailment
2958	not_entailment
2959	entailment
2960	entailment
2961	not_entailment
2962	entailment
2963	not_entailment
2964	not_entailment
2965	not_entailment
2966	not_entailment
2967	entailment
2968	not_entailment
2969	entailment
2970	entailment
2971	entailment
2972	not_entailment
2973	not_entailment
2974	entailment
2975	not_entailment
2976	not_entailment
2977	entailment
2978	entailment
2979	not_entailment
2980	entailment
2981	entailment
2982	not_entailment
2983	entailment
2984	entailment
2985	entailment
2986	not_entailment
2987	not_entailment
2988	entailment
2989	not_entailment
2990	not_entailment
2991	entailment
2992	not_entailment
2993	not_entailment
2994	entailment
2995	entailment
2996	not_entailment
2997	entailment
2998	not_entailment
2999	not_entailment
