index	prediction
0	entailment
1	entailment
2	entailment
3	entailment
4	entailment
5	entailment
6	entailment
7	entailment
8	entailment
9	entailment
10	entailment
11	entailment
12	entailment
13	entailment
14	entailment
15	entailment
16	entailment
17	entailment
18	entailment
19	entailment
20	entailment
21	entailment
22	entailment
23	entailment
24	entailment
25	entailment
26	entailment
27	entailment
28	entailment
29	entailment
30	entailment
31	entailment
32	entailment
33	entailment
34	entailment
35	entailment
36	entailment
37	entailment
38	entailment
39	entailment
40	entailment
41	entailment
42	entailment
43	entailment
44	entailment
45	entailment
46	entailment
47	entailment
48	entailment
49	entailment
50	entailment
51	entailment
52	entailment
53	entailment
54	entailment
55	entailment
56	entailment
57	entailment
58	entailment
59	entailment
60	entailment
61	entailment
62	entailment
63	entailment
64	entailment
65	entailment
66	entailment
67	entailment
68	entailment
69	entailment
70	entailment
71	entailment
72	entailment
73	entailment
74	entailment
75	entailment
76	entailment
77	entailment
78	entailment
79	entailment
80	entailment
81	entailment
82	entailment
83	entailment
84	entailment
85	entailment
86	entailment
87	entailment
88	entailment
89	entailment
90	entailment
91	entailment
92	entailment
93	entailment
94	entailment
95	entailment
96	entailment
97	entailment
98	entailment
99	entailment
100	entailment
101	entailment
102	entailment
103	entailment
104	entailment
105	entailment
106	entailment
107	entailment
108	entailment
109	entailment
110	entailment
111	entailment
112	entailment
113	entailment
114	entailment
115	entailment
116	entailment
117	entailment
118	entailment
119	entailment
120	entailment
121	entailment
122	entailment
123	entailment
124	entailment
125	entailment
126	entailment
127	entailment
128	entailment
129	entailment
130	entailment
131	entailment
132	entailment
133	entailment
134	entailment
135	entailment
136	entailment
137	entailment
138	entailment
139	entailment
140	entailment
141	entailment
142	entailment
143	entailment
144	entailment
145	entailment
146	entailment
147	entailment
148	entailment
149	entailment
150	entailment
151	entailment
152	entailment
153	entailment
154	entailment
155	entailment
156	entailment
157	entailment
158	entailment
159	entailment
160	entailment
161	entailment
162	entailment
163	entailment
164	entailment
165	entailment
166	entailment
167	entailment
168	entailment
169	entailment
170	entailment
171	entailment
172	entailment
173	entailment
174	entailment
175	entailment
176	entailment
177	entailment
178	entailment
179	entailment
180	entailment
181	entailment
182	entailment
183	entailment
184	entailment
185	entailment
186	entailment
187	entailment
188	entailment
189	entailment
190	entailment
191	entailment
192	entailment
193	entailment
194	entailment
195	entailment
196	entailment
197	entailment
198	entailment
199	entailment
200	entailment
201	entailment
202	entailment
203	entailment
204	entailment
205	entailment
206	entailment
207	entailment
208	entailment
209	entailment
210	entailment
211	entailment
212	entailment
213	entailment
214	entailment
215	entailment
216	entailment
217	entailment
218	entailment
219	entailment
220	entailment
221	entailment
222	entailment
223	entailment
224	entailment
225	entailment
226	entailment
227	entailment
228	entailment
229	entailment
230	entailment
231	entailment
232	entailment
233	entailment
234	entailment
235	entailment
236	entailment
237	entailment
238	entailment
239	entailment
240	entailment
241	entailment
242	entailment
243	entailment
244	entailment
245	entailment
246	entailment
247	entailment
248	entailment
249	entailment
250	entailment
251	entailment
252	entailment
253	entailment
254	entailment
255	entailment
256	entailment
257	entailment
258	entailment
259	entailment
260	entailment
261	entailment
262	entailment
263	entailment
264	entailment
265	entailment
266	entailment
267	entailment
268	entailment
269	entailment
270	entailment
271	entailment
272	entailment
273	entailment
274	entailment
275	entailment
276	entailment
277	entailment
278	entailment
279	entailment
280	entailment
281	entailment
282	entailment
283	entailment
284	entailment
285	entailment
286	entailment
287	entailment
288	entailment
289	entailment
290	entailment
291	entailment
292	entailment
293	entailment
294	entailment
295	entailment
296	entailment
297	entailment
298	entailment
299	entailment
300	entailment
301	entailment
302	entailment
303	entailment
304	entailment
305	entailment
306	entailment
307	entailment
308	entailment
309	entailment
310	entailment
311	entailment
312	entailment
313	entailment
314	entailment
315	entailment
316	entailment
317	entailment
318	entailment
319	entailment
320	entailment
321	entailment
322	entailment
323	entailment
324	entailment
325	entailment
326	entailment
327	entailment
328	entailment
329	entailment
330	entailment
331	entailment
332	entailment
333	entailment
334	entailment
335	entailment
336	entailment
337	entailment
338	entailment
339	entailment
340	entailment
341	entailment
342	entailment
343	entailment
344	entailment
345	entailment
346	entailment
347	entailment
348	entailment
349	entailment
350	entailment
351	entailment
352	entailment
353	entailment
354	entailment
355	entailment
356	entailment
357	entailment
358	entailment
359	entailment
360	entailment
361	entailment
362	entailment
363	entailment
364	entailment
365	entailment
366	entailment
367	entailment
368	entailment
369	entailment
370	entailment
371	entailment
372	entailment
373	entailment
374	entailment
375	entailment
376	entailment
377	entailment
378	entailment
379	entailment
380	entailment
381	entailment
382	entailment
383	entailment
384	entailment
385	entailment
386	entailment
387	entailment
388	entailment
389	entailment
390	entailment
391	entailment
392	entailment
393	entailment
394	entailment
395	entailment
396	entailment
397	entailment
398	entailment
399	entailment
400	entailment
401	entailment
402	entailment
403	entailment
404	entailment
405	entailment
406	entailment
407	entailment
408	entailment
409	entailment
410	entailment
411	entailment
412	entailment
413	entailment
414	entailment
415	entailment
416	entailment
417	entailment
418	entailment
419	entailment
420	entailment
421	entailment
422	entailment
423	entailment
424	entailment
425	entailment
426	entailment
427	entailment
428	entailment
429	entailment
430	entailment
431	entailment
432	entailment
433	entailment
434	entailment
435	entailment
436	entailment
437	entailment
438	entailment
439	entailment
440	entailment
441	entailment
442	entailment
443	entailment
444	entailment
445	entailment
446	entailment
447	entailment
448	entailment
449	entailment
450	entailment
451	entailment
452	entailment
453	entailment
454	entailment
455	entailment
456	entailment
457	entailment
458	entailment
459	entailment
460	entailment
461	entailment
462	entailment
463	entailment
464	entailment
465	entailment
466	entailment
467	entailment
468	entailment
469	entailment
470	entailment
471	entailment
472	entailment
473	entailment
474	entailment
475	entailment
476	entailment
477	entailment
478	entailment
479	entailment
480	entailment
481	entailment
482	entailment
483	entailment
484	entailment
485	entailment
486	entailment
487	entailment
488	entailment
489	entailment
490	entailment
491	entailment
492	entailment
493	entailment
494	entailment
495	entailment
496	entailment
497	entailment
498	entailment
499	entailment
500	entailment
501	entailment
502	entailment
503	entailment
504	entailment
505	entailment
506	entailment
507	entailment
508	entailment
509	entailment
510	entailment
511	entailment
512	entailment
513	entailment
514	entailment
515	entailment
516	entailment
517	entailment
518	entailment
519	entailment
520	entailment
521	entailment
522	entailment
523	entailment
524	entailment
525	entailment
526	entailment
527	entailment
528	entailment
529	entailment
530	entailment
531	entailment
532	entailment
533	entailment
534	entailment
535	entailment
536	entailment
537	entailment
538	entailment
539	entailment
540	entailment
541	entailment
542	entailment
543	entailment
544	entailment
545	entailment
546	entailment
547	entailment
548	entailment
549	entailment
550	entailment
551	entailment
552	entailment
553	entailment
554	entailment
555	entailment
556	entailment
557	entailment
558	entailment
559	entailment
560	entailment
561	entailment
562	entailment
563	entailment
564	entailment
565	entailment
566	entailment
567	entailment
568	entailment
569	entailment
570	entailment
571	entailment
572	entailment
573	entailment
574	entailment
575	entailment
576	entailment
577	entailment
578	entailment
579	entailment
580	entailment
581	entailment
582	entailment
583	entailment
584	entailment
585	entailment
586	entailment
587	entailment
588	entailment
589	entailment
590	entailment
591	entailment
592	entailment
593	entailment
594	entailment
595	entailment
596	entailment
597	entailment
598	entailment
599	entailment
600	entailment
601	entailment
602	entailment
603	entailment
604	entailment
605	entailment
606	entailment
607	entailment
608	entailment
609	entailment
610	entailment
611	entailment
612	entailment
613	entailment
614	entailment
615	entailment
616	entailment
617	entailment
618	entailment
619	entailment
620	entailment
621	entailment
622	entailment
623	entailment
624	entailment
625	entailment
626	entailment
627	entailment
628	entailment
629	entailment
630	entailment
631	entailment
632	entailment
633	entailment
634	entailment
635	entailment
636	entailment
637	entailment
638	entailment
639	entailment
640	entailment
641	entailment
642	entailment
643	entailment
644	entailment
645	entailment
646	entailment
647	entailment
648	entailment
649	entailment
650	entailment
651	entailment
652	entailment
653	entailment
654	entailment
655	entailment
656	entailment
657	entailment
658	entailment
659	entailment
660	entailment
661	entailment
662	entailment
663	entailment
664	entailment
665	entailment
666	entailment
667	entailment
668	entailment
669	entailment
670	entailment
671	entailment
672	entailment
673	entailment
674	entailment
675	entailment
676	entailment
677	entailment
678	entailment
679	entailment
680	entailment
681	entailment
682	entailment
683	entailment
684	entailment
685	entailment
686	entailment
687	entailment
688	entailment
689	entailment
690	entailment
691	entailment
692	entailment
693	entailment
694	entailment
695	entailment
696	entailment
697	entailment
698	entailment
699	entailment
700	entailment
701	entailment
702	entailment
703	entailment
704	entailment
705	entailment
706	entailment
707	entailment
708	entailment
709	entailment
710	entailment
711	entailment
712	entailment
713	entailment
714	entailment
715	entailment
716	entailment
717	entailment
718	entailment
719	entailment
720	entailment
721	entailment
722	entailment
723	entailment
724	entailment
725	entailment
726	entailment
727	entailment
728	entailment
729	entailment
730	entailment
731	entailment
732	entailment
733	entailment
734	entailment
735	entailment
736	entailment
737	entailment
738	entailment
739	entailment
740	entailment
741	entailment
742	entailment
743	entailment
744	entailment
745	entailment
746	entailment
747	entailment
748	entailment
749	entailment
750	entailment
751	entailment
752	entailment
753	entailment
754	entailment
755	entailment
756	entailment
757	entailment
758	entailment
759	entailment
760	entailment
761	entailment
762	entailment
763	entailment
764	entailment
765	entailment
766	entailment
767	entailment
768	entailment
769	entailment
770	entailment
771	entailment
772	entailment
773	entailment
774	entailment
775	entailment
776	entailment
777	entailment
778	entailment
779	entailment
780	entailment
781	entailment
782	entailment
783	entailment
784	entailment
785	entailment
786	entailment
787	entailment
788	entailment
789	entailment
790	entailment
791	entailment
792	entailment
793	entailment
794	entailment
795	entailment
796	entailment
797	entailment
798	entailment
799	entailment
800	entailment
801	entailment
802	entailment
803	entailment
804	entailment
805	entailment
806	entailment
807	entailment
808	entailment
809	entailment
810	entailment
811	entailment
812	entailment
813	entailment
814	entailment
815	entailment
816	entailment
817	entailment
818	entailment
819	entailment
820	entailment
821	entailment
822	entailment
823	entailment
824	entailment
825	entailment
826	entailment
827	entailment
828	entailment
829	entailment
830	entailment
831	entailment
832	entailment
833	entailment
834	entailment
835	entailment
836	entailment
837	entailment
838	entailment
839	entailment
840	entailment
841	entailment
842	entailment
843	entailment
844	entailment
845	entailment
846	entailment
847	entailment
848	entailment
849	entailment
850	entailment
851	entailment
852	entailment
853	entailment
854	entailment
855	entailment
856	entailment
857	entailment
858	entailment
859	entailment
860	entailment
861	entailment
862	entailment
863	entailment
864	entailment
865	entailment
866	entailment
867	entailment
868	entailment
869	entailment
870	entailment
871	entailment
872	entailment
873	entailment
874	entailment
875	entailment
876	entailment
877	entailment
878	entailment
879	entailment
880	entailment
881	entailment
882	entailment
883	entailment
884	entailment
885	entailment
886	entailment
887	entailment
888	entailment
889	entailment
890	entailment
891	entailment
892	entailment
893	entailment
894	entailment
895	entailment
896	entailment
897	entailment
898	entailment
899	entailment
900	entailment
901	entailment
902	entailment
903	entailment
904	entailment
905	entailment
906	entailment
907	entailment
908	entailment
909	entailment
910	entailment
911	entailment
912	entailment
913	entailment
914	entailment
915	entailment
916	entailment
917	entailment
918	entailment
919	entailment
920	entailment
921	entailment
922	entailment
923	entailment
924	entailment
925	entailment
926	entailment
927	entailment
928	entailment
929	entailment
930	entailment
931	entailment
932	entailment
933	entailment
934	entailment
935	entailment
936	entailment
937	entailment
938	entailment
939	entailment
940	entailment
941	entailment
942	entailment
943	entailment
944	entailment
945	entailment
946	entailment
947	entailment
948	entailment
949	entailment
950	entailment
951	entailment
952	entailment
953	entailment
954	entailment
955	entailment
956	entailment
957	entailment
958	entailment
959	entailment
960	entailment
961	entailment
962	entailment
963	entailment
964	entailment
965	entailment
966	entailment
967	entailment
968	entailment
969	entailment
970	entailment
971	entailment
972	entailment
973	entailment
974	entailment
975	entailment
976	entailment
977	entailment
978	entailment
979	entailment
980	entailment
981	entailment
982	entailment
983	entailment
984	entailment
985	entailment
986	entailment
987	entailment
988	entailment
989	entailment
990	entailment
991	entailment
992	entailment
993	entailment
994	entailment
995	entailment
996	entailment
997	entailment
998	entailment
999	entailment
1000	entailment
1001	entailment
1002	entailment
1003	entailment
1004	entailment
1005	entailment
1006	entailment
1007	entailment
1008	entailment
1009	entailment
1010	entailment
1011	entailment
1012	entailment
1013	entailment
1014	entailment
1015	entailment
1016	entailment
1017	entailment
1018	entailment
1019	entailment
1020	entailment
1021	entailment
1022	entailment
1023	entailment
1024	entailment
1025	entailment
1026	entailment
1027	entailment
1028	entailment
1029	entailment
1030	entailment
1031	entailment
1032	entailment
1033	entailment
1034	entailment
1035	entailment
1036	entailment
1037	entailment
1038	entailment
1039	entailment
1040	entailment
1041	entailment
1042	entailment
1043	entailment
1044	entailment
1045	entailment
1046	entailment
1047	entailment
1048	entailment
1049	entailment
1050	entailment
1051	entailment
1052	entailment
1053	entailment
1054	entailment
1055	entailment
1056	entailment
1057	entailment
1058	entailment
1059	entailment
1060	entailment
1061	entailment
1062	entailment
1063	entailment
1064	entailment
1065	entailment
1066	entailment
1067	entailment
1068	entailment
1069	entailment
1070	entailment
1071	entailment
1072	entailment
1073	entailment
1074	entailment
1075	entailment
1076	entailment
1077	entailment
1078	entailment
1079	entailment
1080	entailment
1081	entailment
1082	entailment
1083	entailment
1084	entailment
1085	entailment
1086	entailment
1087	entailment
1088	entailment
1089	entailment
1090	entailment
1091	entailment
1092	entailment
1093	entailment
1094	entailment
1095	entailment
1096	entailment
1097	entailment
1098	entailment
1099	entailment
1100	entailment
1101	entailment
1102	entailment
1103	entailment
